Condition;timestamp;SubjectID;GameObjectName;viewID;Hand;isStudy;PosX;PosY;PosZ;RotX;RotY;RotZ
0;1561737587505;0;R_Palm;1004;Right;False;0;0;0;0;0;0
0;1561737587510;0;L_Palm;1028;Left;False;0;0;0;0;0;0
0;1561737587560;0;R_Palm;1004;Right;False;0;0;0;0;0;0
0;1561737587561;0;L_Palm;1028;Left;False;0;0;0;0;0;0
0;1561737587568;0;R_Palm;1004;Right;False;0;0;0;0;0;0
0;1561737587568;0;L_Palm;1028;Left;False;0;0;0;0;0;0
0;1561737587576;0;R_Palm;1004;Right;False;0;0;0;0;0;0
0;1561737587576;0;L_Palm;1028;Left;False;0;0;0;0;0;0
0;1561737587586;0;R_Palm;1004;Right;False;0;0;0;0;0;0
0;1561737587586;0;L_Palm;1028;Left;False;0;0;0;0;0;0
0;1561737587597;0;R_Palm;1004;Right;False;0;0;0;0;0;0
0;1561737587597;0;L_Palm;1028;Left;False;0;0;0;0;0;0
0;1561737587608;0;R_Palm;1004;Right;False;0;0;0;0;0;0
0;1561737587608;0;L_Palm;1028;Left;False;0;0;0;0;0;0
0;1561737587619;0;R_Palm;1004;Right;False;0;0;0;0;0;0
0;1561737587619;0;L_Palm;1028;Left;False;0;0;0;0;0;0
0;1561737587645;0;R_Palm;1004;Right;False;0;0;0;0;0;0
0;1561737587645;0;L_Palm;1028;Left;False;0;0;0;0;0;0
0;1561737587664;0;R_Palm;1004;Right;False;0;0;0;0;0;0
0;1561737587664;0;L_Palm;1028;Left;False;0;0;0;0;0;0
0;1561737587687;0;R_Palm;1004;Right;False;0;0;0;0;0;0
0;1561737587687;0;L_Palm;1028;Left;False;0;0;0;0;0;0
0;1561737587709;0;R_Palm;1004;Right;False;0;0;0;0;0;0
0;1561737587709;0;L_Palm;1028;Left;False;0;0;0;0;0;0
0;1561737587731;0;R_Palm;1004;Right;False;0;0;0;0;0;0
0;1561737587731;0;L_Palm;1028;Left;False;0;0;0;0;0;0
0;1561737587753;0;R_Palm;1004;Right;False;0;0;0;0;0;0
0;1561737587753;0;L_Palm;1028;Left;False;0;0;0;0;0;0
0;1561737587776;0;R_Palm;1004;Right;False;0;0;0;0;0;0
0;1561737587776;0;L_Palm;1028;Left;False;0;0;0;0;0;0
0;1561737587797;0;R_Palm;1004;Right;False;0;0;0;0;0;0
0;1561737587798;0;L_Palm;1028;Left;False;0;0;0;0;0;0
0;1561737587820;0;R_Palm;1004;Right;False;0;0;0;0;0;0
0;1561737587820;0;L_Palm;1028;Left;False;0;0;0;0;0;0
0;1561737587842;0;R_Palm;1004;Right;False;0;0;0;0;0;0
0;1561737587843;0;L_Palm;1028;Left;False;0;0;0;0;0;0
0;1561737587865;0;R_Palm;1004;Right;False;0;0;0;0;0;0
0;1561737587865;0;L_Palm;1028;Left;False;0;0;0;0;0;0
0;1561737587887;0;R_Palm;1004;Right;False;0;0;0;0;0;0
0;1561737587887;0;L_Palm;1028;Left;False;0;0;0;0;0;0
0;1561737587910;0;R_Palm;1004;Right;False;0;0;0;0;0;0
0;1561737587910;0;L_Palm;1028;Left;False;0;0;0;0;0;0
0;1561737587932;0;R_Palm;1004;Right;False;0;0;0;0;0;0
0;1561737587932;0;L_Palm;1028;Left;False;0;0;0;0;0;0
0;1561737587955;0;R_Palm;1004;Right;False;0;0;0;0;0;0
0;1561737587955;0;L_Palm;1028;Left;False;0;0;0;0;0;0
0;1561737587976;0;R_Palm;1004;Right;False;0;0;0;0;0;0
0;1561737587977;0;L_Palm;1028;Left;False;0;0;0;0;0;0
0;1561737587999;0;R_Palm;1004;Right;False;0;0;0;0;0;0
0;1561737587999;0;L_Palm;1028;Left;False;0;0;0;0;0;0
0;1561737588022;0;R_Palm;1004;Right;False;0;0;0;0;0;0
0;1561737588022;0;L_Palm;1028;Left;False;0;0;0;0;0;0
0;1561737588043;0;R_Palm;1004;Right;False;0;0;0;0;0;0
0;1561737588044;0;L_Palm;1028;Left;False;0;0;0;0;0;0
0;1561737588066;0;R_Palm;1004;Right;False;0;0;0;0;0;0
0;1561737588066;0;L_Palm;1028;Left;False;0;0;0;0;0;0
0;1561737588088;0;R_Palm;1004;Right;False;0;0;0;0;0;0
0;1561737588089;0;L_Palm;1028;Left;False;0;0;0;0;0;0
0;1561737588111;0;R_Palm;1004;Right;False;0;0;0;0;0;0
0;1561737588111;0;L_Palm;1028;Left;False;0;0;0;0;0;0
0;1561737588133;0;R_Palm;1004;Right;False;0;0;0;0;0;0
0;1561737588133;0;L_Palm;1028;Left;False;0;0;0;0;0;0
0;1561737588155;0;R_Palm;1004;Right;False;0;0;0;0;0;0
0;1561737588156;0;L_Palm;1028;Left;False;0;0;0;0;0;0
0;1561737588178;0;R_Palm;1004;Right;False;0;0;0;0;0;0
0;1561737588178;0;L_Palm;1028;Left;False;0;0;0;0;0;0
0;1561737588200;0;R_Palm;1004;Right;False;0;0;0;0;0;0
0;1561737588200;0;L_Palm;1028;Left;False;0;0;0;0;0;0
0;1561737588222;0;R_Palm;1004;Right;False;0;0;0;0;0;0
0;1561737588222;0;L_Palm;1028;Left;False;0;0;0;0;0;0
0;1561737588245;0;R_Palm;1004;Right;False;0;0;0;0;0;0
0;1561737588245;0;L_Palm;1028;Left;False;0;0;0;0;0;0
0;1561737588267;0;R_Palm;1004;Right;False;0;0;0;0;0;0
0;1561737588267;0;L_Palm;1028;Left;False;0;0;0;0;0;0
0;1561737588289;0;R_Palm;1004;Right;False;0;0;0;0;0;0
0;1561737588289;0;L_Palm;1028;Left;False;0;0;0;0;0;0
0;1561737588311;0;R_Palm;1004;Right;False;0;0;0;0;0;0
0;1561737588312;0;L_Palm;1028;Left;False;0;0;0;0;0;0
0;1561737588334;0;R_Palm;1004;Right;False;0;0;0;0;0;0
0;1561737588334;0;L_Palm;1028;Left;False;0;0;0;0;0;0
0;1561737588356;0;R_Palm;1004;Right;False;0;0;0;0;0;0
0;1561737588356;0;L_Palm;1028;Left;False;0;0;0;0;0;0
0;1561737588367;0;R_Palm;1004;Right;False;0;0;0;0;0;0
0;1561737588367;0;L_Palm;1028;Left;False;0;0;0;0;0;0
0;1561737588378;0;R_Palm;1004;Right;False;0;0;0;0;0;0
0;1561737588378;0;L_Palm;1028;Left;False;0;0;0;0;0;0
0;1561737588389;0;R_Palm;1004;Right;False;0;0;0;0;0;0
0;1561737588390;0;L_Palm;1028;Left;False;0;0;0;0;0;0
0;1561737588401;0;R_Palm;1004;Right;False;0;0;0;0;0;0
0;1561737588401;0;L_Palm;1028;Left;False;0;0;0;0;0;0
0;1561737588412;0;R_Palm;1004;Right;False;0;0;0;0;0;0
0;1561737588412;0;L_Palm;1028;Left;False;0;0;0;0;0;0
0;1561737588423;0;R_Palm;1004;Right;False;0;0;0;0;0;0
0;1561737588424;0;L_Palm;1028;Left;False;0;0;0;0;0;0
0;1561737588435;0;R_Palm;1004;Right;False;0;0;0;0;0;0
0;1561737588435;0;L_Palm;1028;Left;False;0;0;0;0;0;0
0;1561737588446;0;R_Palm;1004;Right;False;0;0;0;0;0;0
0;1561737588446;0;L_Palm;1028;Left;False;0;0;0;0;0;0
0;1561737588457;0;R_Palm;1004;Right;False;0;0;0;0;0;0
0;1561737588457;0;L_Palm;1028;Left;False;0;0;0;0;0;0
0;1561737588468;0;R_Palm;1004;Right;False;0;0;0;0;0;0
0;1561737588468;0;L_Palm;1028;Left;False;0;0;0;0;0;0
0;1561737588479;0;R_Palm;1004;Right;False;0;0;0;0;0;0
0;1561737588479;0;L_Palm;1028;Left;False;0;0;0;0;0;0
0;1561737588490;0;R_Palm;1004;Right;False;0;0;0;0;0;0
0;1561737588490;0;L_Palm;1028;Left;False;0;0;0;0;0;0
0;1561737588502;0;R_Palm;1004;Right;False;0;0;0;0;0;0
0;1561737588502;0;L_Palm;1028;Left;False;0;0;0;0;0;0
0;1561737588513;0;R_Palm;1004;Right;False;0;0;0;0;0;0
0;1561737588513;0;L_Palm;1028;Left;False;0;0;0;0;0;0
0;1561737588524;0;R_Palm;1004;Right;False;0;0;0;0;0;0
0;1561737588524;0;L_Palm;1028;Left;False;0;0;0;0;0;0
0;1561737588535;0;R_Palm;1004;Right;False;0;0;0;0;0;0
0;1561737588535;0;L_Palm;1028;Left;False;0;0;0;0;0;0
0;1561737588546;0;R_Palm;1004;Right;False;0;0;0;0;0;0
0;1561737588546;0;L_Palm;1028;Left;False;0;0;0;0;0;0
0;1561737588557;0;R_Palm;1004;Right;False;0;0;0;0;0;0
0;1561737588557;0;L_Palm;1028;Left;False;0;0;0;0;0;0
0;1561737588568;0;R_Palm;1004;Right;False;0;0;0;0;0;0
0;1561737588568;0;L_Palm;1028;Left;False;0;0;0;0;0;0
0;1561737588580;0;R_Palm;1004;Right;False;0;0;0;0;0;0
0;1561737588580;0;L_Palm;1028;Left;False;0;0;0;0;0;0
0;1561737588590;0;R_Palm;1004;Right;False;0;0;0;0;0;0
0;1561737588590;0;L_Palm;1028;Left;False;0;0;0;0;0;0
0;1561737588603;0;R_Palm;1004;Right;False;0;0;0;0;0;0
0;1561737588603;0;L_Palm;1028;Left;False;0;0;0;0;0;0
0;1561737588616;0;R_Palm;1004;Right;False;0;0;0;0;0;0
0;1561737588616;0;L_Palm;1028;Left;False;0;0;0;0;0;0
0;1561737588629;0;R_Palm;1004;Right;False;0;0;0;0;0;0
0;1561737588629;0;L_Palm;1028;Left;False;0;0;0;0;0;0
0;1561737588640;0;R_Palm;1004;Right;False;0;0;0;0;0;0
0;1561737588641;0;L_Palm;1028;Left;False;0;0;0;0;0;0
0;1561737588652;0;R_Palm;1004;Right;False;0;0;0;0;0;0
0;1561737588652;0;L_Palm;1028;Left;False;0;0;0;0;0;0
0;1561737588664;0;R_Palm;1004;Right;False;0;0;0;0;0;0
0;1561737588664;0;L_Palm;1028;Left;False;0;0;0;0;0;0
0;1561737588674;0;R_Palm;1004;Right;False;0;0;0;0;0;0
0;1561737588674;0;L_Palm;1028;Left;False;0;0;0;0;0;0
0;1561737588685;0;R_Palm;1004;Right;False;0;0;0;0;0;0
0;1561737588685;0;L_Palm;1028;Left;False;0;0;0;0;0;0
0;1561737588696;0;R_Palm;1004;Right;False;0;0;0;0;0;0
0;1561737588696;0;L_Palm;1028;Left;False;0;0;0;0;0;0
0;1561737588708;0;R_Palm;1004;Right;False;0;0;0;0;0;0
0;1561737588708;0;L_Palm;1028;Left;False;0;0;0;0;0;0
0;1561737588718;0;R_Palm;1004;Right;False;0;0;0;0;0;0
0;1561737588718;0;L_Palm;1028;Left;False;0;0;0;0;0;0
0;1561737588729;0;R_Palm;1004;Right;False;0;0;0;0;0;0
0;1561737588730;0;L_Palm;1028;Left;False;0;0;0;0;0;0
0;1561737588741;0;R_Palm;1004;Right;False;0;0;0;0;0;0
0;1561737588741;0;L_Palm;1028;Left;False;0;0;0;0;0;0
0;1561737588752;0;R_Palm;1004;Right;False;0;0;0;0;0;0
0;1561737588752;0;L_Palm;1028;Left;False;0;0;0;0;0;0
0;1561737588763;0;R_Palm;1004;Right;False;0;0;0;0;0;0
0;1561737588764;0;L_Palm;1028;Left;False;0;0;0;0;0;0
0;1561737588774;0;R_Palm;1004;Right;False;0;0;0;0;0;0
0;1561737588775;0;L_Palm;1028;Left;False;0;0;0;0;0;0
0;1561737588786;0;R_Palm;1004;Right;False;0;0;0;0;0;0
0;1561737588786;0;L_Palm;1028;Left;False;0;0;0;0;0;0
0;1561737588797;0;R_Palm;1004;Right;False;0;0;0;0;0;0
0;1561737588798;0;L_Palm;1028;Left;False;0;0;0;0;0;0
0;1561737588808;0;R_Palm;1004;Right;False;0;0;0;0;0;0
0;1561737588808;0;L_Palm;1028;Left;False;0;0;0;0;0;0
0;1561737588819;0;R_Palm;1004;Right;False;0;0;0;0;0;0
0;1561737588819;0;L_Palm;1028;Left;False;0;0;0;0;0;0
0;1561737588831;0;R_Palm;1004;Right;False;0;0;0;0;0;0
0;1561737588831;0;L_Palm;1028;Left;False;0;0;0;0;0;0
0;1561737588842;0;R_Palm;1004;Right;False;0;0;0;0;0;0
0;1561737588842;0;L_Palm;1028;Left;False;0;0;0;0;0;0
0;1561737588852;0;R_Palm;1004;Right;False;0;0;0;0;0;0
0;1561737588853;0;L_Palm;1028;Left;False;0;0;0;0;0;0
0;1561737588864;0;R_Palm;1004;Right;False;0;0;0;0;0;0
0;1561737588864;0;L_Palm;1028;Left;False;0;0;0;0;0;0
0;1561737588875;0;R_Palm;1004;Right;False;0;0;0;0;0;0
0;1561737588875;0;L_Palm;1028;Left;False;0;0;0;0;0;0
0;1561737588886;0;R_Palm;1004;Right;False;0;0;0;0;0;0
0;1561737588886;0;L_Palm;1028;Left;False;0;0;0;0;0;0
0;1561737588897;0;R_Palm;1004;Right;False;0;0;0;0;0;0
0;1561737588897;0;L_Palm;1028;Left;False;0;0;0;0;0;0
0;1561737588908;0;R_Palm;1004;Right;False;0;0;0;0;0;0
0;1561737588908;0;L_Palm;1028;Left;False;0;0;0;0;0;0
0;1561737588919;0;R_Palm;1004;Right;False;0;0;0;0;0;0
0;1561737588919;0;L_Palm;1028;Left;False;0;0;0;0;0;0
0;1561737588931;0;R_Palm;1004;Right;False;0;0;0;0;0;0
0;1561737588931;0;L_Palm;1028;Left;False;0;0;0;0;0;0
0;1561737588942;0;R_Palm;1004;Right;False;0;0;0;0;0;0
0;1561737588942;0;L_Palm;1028;Left;False;0;0;0;0;0;0
0;1561737588953;0;R_Palm;1004;Right;False;0;0;0;0;0;0
0;1561737588953;0;L_Palm;1028;Left;False;0;0;0;0;0;0
0;1561737588965;0;R_Palm;1004;Right;False;0;0;0;0;0;0
0;1561737588965;0;L_Palm;1028;Left;False;0;0;0;0;0;0
0;1561737588975;0;R_Palm;1004;Right;False;0;0;0;0;0;0
0;1561737588976;0;L_Palm;1028;Left;False;0;0;0;0;0;0
0;1561737588987;0;R_Palm;1004;Right;False;0;0;0;0;0;0
0;1561737588987;0;L_Palm;1028;Left;False;0;0;0;0;0;0
0;1561737588998;0;R_Palm;1004;Right;False;0;0;0;0;0;0
0;1561737588998;0;L_Palm;1028;Left;False;0;0;0;0;0;0
0;1561737589009;0;R_Palm;1004;Right;False;0;0;0;0;0;0
0;1561737589009;0;L_Palm;1028;Left;False;0;0;0;0;0;0
0;1561737589020;0;R_Palm;1004;Right;False;0;0;0;0;0;0
0;1561737589020;0;L_Palm;1028;Left;False;0;0;0;0;0;0
0;1561737589032;0;R_Palm;1004;Right;False;0;0;0;0;0;0
0;1561737589032;0;L_Palm;1028;Left;False;0;0;0;0;0;0
0;1561737589043;0;R_Palm;1004;Right;False;0;0;0;0;0;0
0;1561737589043;0;L_Palm;1028;Left;False;0;0;0;0;0;0
0;1561737589053;0;R_Palm;1004;Right;False;0;0;0;0;0;0
0;1561737589054;0;L_Palm;1028;Left;False;0;0;0;0;0;0
0;1561737589065;0;R_Palm;1004;Right;False;0;0;0;0;0;0
0;1561737589065;0;L_Palm;1028;Left;False;0;0;0;0;0;0
0;1561737589076;0;R_Palm;1004;Right;False;0;0;0;0;0;0
0;1561737589076;0;L_Palm;1028;Left;False;0;0;0;0;0;0
0;1561737589087;0;R_Palm;1004;Right;False;0;0;0;0;0;0
0;1561737589088;0;L_Palm;1028;Left;False;0;0;0;0;0;0
0;1561737589098;0;R_Palm;1004;Right;False;0;0;0;0;0;0
0;1561737589098;0;L_Palm;1028;Left;False;0;0;0;0;0;0
0;1561737589110;0;R_Palm;1004;Right;False;0;0;0;0;0;0
0;1561737589110;0;L_Palm;1028;Left;False;0;0;0;0;0;0
0;1561737589120;0;R_Palm;1004;Right;False;0;0;0;0;0;0
0;1561737589121;0;L_Palm;1028;Left;False;0;0;0;0;0;0
0;1561737589132;0;R_Palm;1004;Right;False;0;0;0;0;0;0
0;1561737589132;0;L_Palm;1028;Left;False;0;0;0;0;0;0
0;1561737589143;0;R_Palm;1004;Right;False;0;0;0;0;0;0
0;1561737589144;0;L_Palm;1028;Left;False;0;0;0;0;0;0
0;1561737589154;0;R_Palm;1004;Right;False;0;0;0;0;0;0
0;1561737589155;0;L_Palm;1028;Left;False;0;0;0;0;0;0
0;1561737589167;0;R_Palm;1004;Right;False;0;0;0;0;0;0
0;1561737589167;0;L_Palm;1028;Left;False;0;0;0;0;0;0
0;1561737589176;0;R_Palm;1004;Right;False;0;0;0;0;0;0
0;1561737589177;0;L_Palm;1028;Left;False;0;0;0;0;0;0
0;1561737589189;0;R_Palm;1004;Right;False;0;0;0;0;0;0
0;1561737589190;0;L_Palm;1028;Left;False;0;0;0;0;0;0
0;1561737589198;0;R_Palm;1004;Right;False;0;0;0;0;0;0
0;1561737589199;0;L_Palm;1028;Left;False;0;0;0;0;0;0
0;1561737589210;0;R_Palm;1004;Right;False;0;0;0;0;0;0
0;1561737589210;0;L_Palm;1028;Left;False;0;0;0;0;0;0
0;1561737589222;0;R_Palm;1004;Right;False;0;0;0;0;0;0
0;1561737589222;0;L_Palm;1028;Left;False;0;0;0;0;0;0
0;1561737589232;0;R_Palm;1004;Right;False;0;0;0;0;0;0
0;1561737589233;0;L_Palm;1028;Left;False;0;0;0;0;0;0
0;1561737589244;0;R_Palm;1004;Right;False;0;0;0;0;0;0
0;1561737589244;0;L_Palm;1028;Left;False;0;0;0;0;0;0
0;1561737589255;0;R_Palm;1004;Right;False;0;0;0;0;0;0
0;1561737589255;0;L_Palm;1028;Left;False;0;0;0;0;0;0
0;1561737589266;0;R_Palm;1004;Right;False;0;0;0;0;0;0
0;1561737589267;0;L_Palm;1028;Left;False;0;0;0;0;0;0
0;1561737589277;0;R_Palm;1004;Right;False;0;0;0;0;0;0
0;1561737589277;0;L_Palm;1028;Left;False;0;0;0;0;0;0
0;1561737589288;0;R_Palm;1004;Right;False;0;0;0;0;0;0
0;1561737589288;0;L_Palm;1028;Left;False;0;0;0;0;0;0
0;1561737589299;0;R_Palm;1004;Right;False;0;0;0;0;0;0
0;1561737589299;0;L_Palm;1028;Left;False;0;0;0;0;0;0
0;1561737589310;0;R_Palm;1004;Right;False;0;0;0;0;0;0
0;1561737589310;0;L_Palm;1028;Left;False;0;0;0;0;0;0
0;1561737589321;0;R_Palm;1004;Right;False;0;0;0;0;0;0
0;1561737589322;0;L_Palm;1028;Left;False;0;0;0;0;0;0
0;1561737589333;0;R_Palm;1004;Right;False;0;0;0;0;0;0
0;1561737589333;0;L_Palm;1028;Left;False;0;0;0;0;0;0
0;1561737589345;0;R_Palm;1004;Right;False;0;0;0;0;0;0
0;1561737589345;0;L_Palm;1028;Left;False;0;0;0;0;0;0
0;1561737589355;0;R_Palm;1004;Right;False;0;0;0;0;0;0
0;1561737589356;0;L_Palm;1028;Left;False;0;0;0;0;0;0
0;1561737589367;0;R_Palm;1004;Right;False;0;0;0;0;0;0
0;1561737589367;0;L_Palm;1028;Left;False;0;0;0;0;0;0
0;1561737589378;0;R_Palm;1004;Right;False;0;0;0;0;0;0
0;1561737589378;0;L_Palm;1028;Left;False;0;0;0;0;0;0
0;1561737589389;0;R_Palm;1004;Right;False;0;0;0;0;0;0
0;1561737589390;0;L_Palm;1028;Left;False;0;0;0;0;0;0
0;1561737589400;0;R_Palm;1004;Right;False;0;0;0;0;0;0
0;1561737589400;0;L_Palm;1028;Left;False;0;0;0;0;0;0
0;1561737589412;0;R_Palm;1004;Right;False;0;0;0;0;0;0
0;1561737589412;0;L_Palm;1028;Left;False;0;0;0;0;0;0
0;1561737589424;0;R_Palm;1004;Right;False;0;0;0;0;0;0
0;1561737589424;0;L_Palm;1028;Left;False;0;0;0;0;0;0
0;1561737589434;0;R_Palm;1004;Right;False;0;0;0;0;0;0
0;1561737589434;0;L_Palm;1028;Left;False;0;0;0;0;0;0
0;1561737589445;0;R_Palm;1004;Right;False;0;0;0;0;0;0
0;1561737589445;0;L_Palm;1028;Left;False;0;0;0;0;0;0
0;1561737589456;0;R_Palm;1004;Right;False;0;0;0;0;0;0
0;1561737589456;0;L_Palm;1028;Left;False;0;0;0;0;0;0
0;1561737589467;0;R_Palm;1004;Right;False;0;0;0;0;0;0
0;1561737589468;0;L_Palm;1028;Left;False;0;0;0;0;0;0
0;1561737589479;0;R_Palm;1004;Right;False;0;0;0;0;0;0
0;1561737589479;0;L_Palm;1028;Left;False;0;0;0;0;0;0
0;1561737589490;0;R_Palm;1004;Right;False;0;0;0;0;0;0
0;1561737589490;0;L_Palm;1028;Left;False;0;0;0;0;0;0
0;1561737589501;0;R_Palm;1004;Right;False;0;0;0;0;0;0
0;1561737589501;0;L_Palm;1028;Left;False;0;0;0;0;0;0
0;1561737589512;0;R_Palm;1004;Right;False;0;0;0;0;0;0
0;1561737589513;0;L_Palm;1028;Left;False;0;0;0;0;0;0
0;1561737589523;0;R_Palm;1004;Right;False;0;0;0;0;0;0
0;1561737589523;0;L_Palm;1028;Left;False;0;0;0;0;0;0
0;1561737589534;0;R_Palm;1004;Right;False;0;0;0;0;0;0
0;1561737589535;0;L_Palm;1028;Left;False;0;0;0;0;0;0
0;1561737589546;0;R_Palm;1004;Right;False;0;0;0;0;0;0
0;1561737589546;0;L_Palm;1028;Left;False;0;0;0;0;0;0
0;1561737589558;0;R_Palm;1004;Right;False;0;0;0;0;0;0
0;1561737589558;0;L_Palm;1028;Left;False;0;0;0;0;0;0
0;1561737589568;0;R_Palm;1004;Right;False;0;0;0;0;0;0
0;1561737589568;0;L_Palm;1028;Left;False;0;0;0;0;0;0
0;1561737589581;0;R_Palm;1004;Right;False;0;0;0;0;0;0
0;1561737589581;0;L_Palm;1028;Left;False;0;0;0;0;0;0
0;1561737589591;0;R_Palm;1004;Right;False;0;0;0;0;0;0
0;1561737589591;0;L_Palm;1028;Left;False;0;0;0;0;0;0
0;1561737589601;0;R_Palm;1004;Right;False;0;0;0;0;0;0
0;1561737589602;0;L_Palm;1028;Left;False;0;0;0;0;0;0
0;1561737589613;0;R_Palm;1004;Right;False;0;0;0;0;0;0
0;1561737589613;0;L_Palm;1028;Left;False;0;0;0;0;0;0
0;1561737589624;0;R_Palm;1004;Right;False;0;0;0;0;0;0
0;1561737589624;0;L_Palm;1028;Left;False;0;0;0;0;0;0
0;1561737589635;0;R_Palm;1004;Right;False;0;0;0;0;0;0
0;1561737589636;0;L_Palm;1028;Left;False;0;0;0;0;0;0
0;1561737589646;0;R_Palm;1004;Right;False;0;0;0;0;0;0
0;1561737589646;0;L_Palm;1028;Left;False;0;0;0;0;0;0
0;1561737589657;0;R_Palm;1004;Right;False;0;0;0;0;0;0
0;1561737589657;0;L_Palm;1028;Left;False;0;0;0;0;0;0
0;1561737589668;0;R_Palm;1004;Right;False;0;0;0;0;0;0
0;1561737589669;0;L_Palm;1028;Left;False;0;0;0;0;0;0
0;1561737589679;0;R_Palm;1004;Right;False;0;0;0;0;0;0
0;1561737589679;0;L_Palm;1028;Left;False;0;0;0;0;0;0
0;1561737589690;0;R_Palm;1004;Right;False;0;0;0;0;0;0
0;1561737589691;0;L_Palm;1028;Left;False;0;0;0;0;0;0
0;1561737589702;0;R_Palm;1004;Right;False;0;0;0;0;0;0
0;1561737589702;0;L_Palm;1028;Left;False;0;0;0;0;0;0
0;1561737589713;0;R_Palm;1004;Right;False;0;0;0;0;0;0
0;1561737589713;0;L_Palm;1028;Left;False;0;0;0;0;0;0
0;1561737589724;0;R_Palm;1004;Right;False;0;0;0;0;0;0
0;1561737589725;0;L_Palm;1028;Left;False;0;0;0;0;0;0
0;1561737589736;0;R_Palm;1004;Right;False;0;0;0;0;0;0
0;1561737589736;0;L_Palm;1028;Left;False;0;0;0;0;0;0
0;1561737589747;0;R_Palm;1004;Right;False;0;0;0;0;0;0
0;1561737589747;0;L_Palm;1028;Left;False;0;0;0;0;0;0
0;1561737589758;0;R_Palm;1004;Right;False;0;0;0;0;0;0
0;1561737589758;0;L_Palm;1028;Left;False;0;0;0;0;0;0
0;1561737589769;0;R_Palm;1004;Right;False;0;0;0;0;0;0
0;1561737589769;0;L_Palm;1028;Left;False;0;0;0;0;0;0
0;1561737589781;0;R_Palm;1004;Right;False;0;0;0;0;0;0
0;1561737589781;0;L_Palm;1028;Left;False;0;0;0;0;0;0
0;1561737589791;0;R_Palm;1004;Right;False;0;0;0;0;0;0
0;1561737589791;0;L_Palm;1028;Left;False;0;0;0;0;0;0
0;1561737589803;0;R_Palm;1004;Right;False;0;0;0;0;0;0
0;1561737589803;0;L_Palm;1028;Left;False;0;0;0;0;0;0
0;1561737589814;0;R_Palm;1004;Right;False;0;0;0;0;0;0
0;1561737589814;0;L_Palm;1028;Left;False;0;0;0;0;0;0
0;1561737589825;0;R_Palm;1004;Right;False;0;0;0;0;0;0
0;1561737589825;0;L_Palm;1028;Left;False;0;0;0;0;0;0
0;1561737589838;0;R_Palm;1004;Right;False;0;0;0;0;0;0
0;1561737589838;0;L_Palm;1028;Left;False;0;0;0;0;0;0
0;1561737589848;0;R_Palm;1004;Right;False;0;0;0;0;0;0
0;1561737589848;0;L_Palm;1028;Left;False;0;0;0;0;0;0
0;1561737589862;0;R_Palm;1004;Right;False;0;0;0;0;0;0
0;1561737589862;0;L_Palm;1028;Left;False;0;0;0;0;0;0
0;1561737589870;0;R_Palm;1004;Right;False;0;0;0;0;0;0
0;1561737589871;0;L_Palm;1028;Left;False;0;0;0;0;0;0
0;1561737589883;0;R_Palm;1004;Right;False;0;0;0;0;0;0
0;1561737589883;0;L_Palm;1028;Left;False;0;0;0;0;0;0
0;1561737589894;0;R_Palm;1004;Right;False;0;0;0;0;0;0
0;1561737589895;0;L_Palm;1028;Left;False;0;0;0;0;0;0
0;1561737589904;0;R_Palm;1004;Right;False;0;0;0;0;0;0
0;1561737589904;0;L_Palm;1028;Left;False;0;0;0;0;0;0
0;1561737589914;0;R_Palm;1004;Right;False;0;0;0;0;0;0
0;1561737589914;0;L_Palm;1028;Left;False;0;0;0;0;0;0
0;1561737589925;0;R_Palm;1004;Right;False;0;0;0;0;0;0
0;1561737589925;0;L_Palm;1028;Left;False;0;0;0;0;0;0
0;1561737589936;0;R_Palm;1004;Right;False;0;0;0;0;0;0
0;1561737589936;0;L_Palm;1028;Left;False;0;0;0;0;0;0
0;1561737589948;0;R_Palm;1004;Right;False;0;0;0;0;0;0
0;1561737589948;0;L_Palm;1028;Left;False;0;0;0;0;0;0
0;1561737589959;0;R_Palm;1004;Right;False;0;0;0;0;0;0
0;1561737589960;0;L_Palm;1028;Left;False;0;0;0;0;0;0
0;1561737589970;0;R_Palm;1004;Right;False;0;0;0;0;0;0
0;1561737589970;0;L_Palm;1028;Left;False;0;0;0;0;0;0
0;1561737589981;0;R_Palm;1004;Right;False;0;0;0;0;0;0
0;1561737589981;0;L_Palm;1028;Left;False;0;0;0;0;0;0
0;1561737589994;0;R_Palm;1004;Right;False;0;0;0;0;0;0
0;1561737589994;0;L_Palm;1028;Left;False;0;0;0;0;0;0
0;1561737590003;0;R_Palm;1004;Right;False;0;0;0;0;0;0
0;1561737590003;0;L_Palm;1028;Left;False;0;0;0;0;0;0
0;1561737590014;0;R_Palm;1004;Right;False;0;0;0;0;0;0
0;1561737590014;0;L_Palm;1028;Left;False;0;0;0;0;0;0
0;1561737590026;0;R_Palm;1004;Right;False;0;0;0;0;0;0
0;1561737590026;0;L_Palm;1028;Left;False;0;0;0;0;0;0
0;1561737590036;0;R_Palm;1004;Right;False;0;0;0;0;0;0
0;1561737590037;0;L_Palm;1028;Left;False;0;0;0;0;0;0
0;1561737590048;0;R_Palm;1004;Right;False;0;0;0;0;0;0
0;1561737590049;0;L_Palm;1028;Left;False;0;0;0;0;0;0
0;1561737590059;0;R_Palm;1004;Right;False;0;0;0;0;0;0
0;1561737590059;0;L_Palm;1028;Left;False;0;0;0;0;0;0
0;1561737590071;0;R_Palm;1004;Right;False;0;0;0;0;0;0
0;1561737590071;0;L_Palm;1028;Left;False;0;0;0;0;0;0
0;1561737590082;0;R_Palm;1004;Right;False;0;0;0;0;0;0
0;1561737590082;0;L_Palm;1028;Left;False;0;0;0;0;0;0
0;1561737590095;0;R_Palm;1004;Right;False;0;0;0;0;0;0
0;1561737590095;0;L_Palm;1028;Left;False;0;0;0;0;0;0
0;1561737590106;0;R_Palm;1004;Right;False;0;0;0;0;0;0
0;1561737590106;0;L_Palm;1028;Left;False;0;0;0;0;0;0
0;1561737590117;0;R_Palm;1004;Right;False;0;0;0;0;0;0
0;1561737590117;0;L_Palm;1028;Left;False;0;0;0;0;0;0
0;1561737590128;0;R_Palm;1004;Right;False;0;0;0;0;0;0
0;1561737590128;0;L_Palm;1028;Left;False;0;0;0;0;0;0
0;1561737590137;0;R_Palm;1004;Right;False;0;0;0;0;0;0
0;1561737590137;0;L_Palm;1028;Left;False;0;0;0;0;0;0
0;1561737590149;0;R_Palm;1004;Right;False;0;0;0;0;0;0
0;1561737590149;0;L_Palm;1028;Left;False;0;0;0;0;0;0
0;1561737590163;0;R_Palm;1004;Right;False;0;0;0;0;0;0
0;1561737590163;0;L_Palm;1028;Left;False;0;0;0;0;0;0
0;1561737590171;0;R_Palm;1004;Right;False;0;0;0;0;0;0
0;1561737590171;0;L_Palm;1028;Left;False;0;0;0;0;0;0
0;1561737590182;0;R_Palm;1004;Right;False;0;0;0;0;0;0
0;1561737590182;0;L_Palm;1028;Left;False;0;0;0;0;0;0
0;1561737590194;0;R_Palm;1004;Right;False;0;0;0;0;0;0
0;1561737590194;0;L_Palm;1028;Left;False;0;0;0;0;0;0
0;1561737590205;0;R_Palm;1004;Right;False;0;0;0;0;0;0
0;1561737590205;0;L_Palm;1028;Left;False;0;0;0;0;0;0
0;1561737590215;0;R_Palm;1004;Right;False;0;0;0;0;0;0
0;1561737590215;0;L_Palm;1028;Left;False;0;0;0;0;0;0
0;1561737590227;0;R_Palm;1004;Right;False;0;0;0;0;0;0
0;1561737590227;0;L_Palm;1028;Left;False;0;0;0;0;0;0
0;1561737590238;0;R_Palm;1004;Right;False;0;0;0;0;0;0
0;1561737590238;0;L_Palm;1028;Left;False;0;0;0;0;0;0
0;1561737590249;0;R_Palm;1004;Right;False;0;0;0;0;0;0
0;1561737590249;0;L_Palm;1028;Left;False;0;0;0;0;0;0
0;1561737590261;0;R_Palm;1004;Right;False;0;0;0;0;0;0
0;1561737590261;0;L_Palm;1028;Left;False;0;0;0;0;0;0
0;1561737590272;0;R_Palm;1004;Right;False;0;0;0;0;0;0
0;1561737590272;0;L_Palm;1028;Left;False;0;0;0;0;0;0
0;1561737590283;0;R_Palm;1004;Right;False;0;0;0;0;0;0
0;1561737590283;0;L_Palm;1028;Left;False;0;0;0;0;0;0
0;1561737590294;0;R_Palm;1004;Right;False;0;0;0;0;0;0
0;1561737590295;0;L_Palm;1028;Left;False;0;0;0;0;0;0
0;1561737590305;0;R_Palm;1004;Right;False;0;0;0;0;0;0
0;1561737590306;0;L_Palm;1028;Left;False;0;0;0;0;0;0
0;1561737590317;0;R_Palm;1004;Right;False;0;0;0;0;0;0
0;1561737590318;0;L_Palm;1028;Left;False;0;0;0;0;0;0
0;1561737590327;0;R_Palm;1004;Right;False;0;0;0;0;0;0
0;1561737590327;0;L_Palm;1028;Left;False;0;0;0;0;0;0
0;1561737590338;0;R_Palm;1004;Right;False;0;0;0;0;0;0
0;1561737590338;0;L_Palm;1028;Left;False;0;0;0;0;0;0
0;1561737590350;0;R_Palm;1004;Right;False;0;0;0;0;0;0
0;1561737590350;0;L_Palm;1028;Left;False;0;0;0;0;0;0
0;1561737590361;0;R_Palm;1004;Right;False;0;0;0;0;0;0
0;1561737590361;0;L_Palm;1028;Left;False;0;0;0;0;0;0
0;1561737590372;0;R_Palm;1004;Right;False;0;0;0;0;0;0
0;1561737590373;0;L_Palm;1028;Left;False;0;0;0;0;0;0
0;1561737590383;0;R_Palm;1004;Right;False;0;0;0;0;0;0
0;1561737590384;0;L_Palm;1028;Left;False;0;0;0;0;0;0
0;1561737590394;0;R_Palm;1004;Right;False;0;0;0;0;0;0
0;1561737590394;0;L_Palm;1028;Left;False;0;0;0;0;0;0
0;1561737590409;0;R_Palm;1004;Right;False;0;0;0;0;0;0
0;1561737590409;0;L_Palm;1028;Left;False;0;0;0;0;0;0
0;1561737590416;0;R_Palm;1004;Right;False;0;0;0;0;0;0
0;1561737590416;0;L_Palm;1028;Left;False;0;0;0;0;0;0
0;1561737590428;0;R_Palm;1004;Right;False;0;0;0;0;0;0
0;1561737590428;0;L_Palm;1028;Left;False;0;0;0;0;0;0
0;1561737590438;0;R_Palm;1004;Right;False;0;0;0;0;0;0
0;1561737590438;0;L_Palm;1028;Left;False;0;0;0;0;0;0
0;1561737590451;0;R_Palm;1004;Right;False;0;0;0;0;0;0
0;1561737590451;0;L_Palm;1028;Left;False;0;0;0;0;0;0
0;1561737590461;0;R_Palm;1004;Right;False;0;0;0;0;0;0
0;1561737590461;0;L_Palm;1028;Left;False;0;0;0;0;0;0
0;1561737590473;0;R_Palm;1004;Right;False;0;0;0;0;0;0
0;1561737590473;0;L_Palm;1028;Left;False;0;0;0;0;0;0
0;1561737590487;0;R_Palm;1004;Right;False;0;0;0;0;0;0
0;1561737590487;0;L_Palm;1028;Left;False;0;0;0;0;0;0
0;1561737590495;0;R_Palm;1004;Right;False;0;0;0;0;0;0
0;1561737590495;0;L_Palm;1028;Left;False;0;0;0;0;0;0
0;1561737590506;0;R_Palm;1004;Right;False;0;0;0;0;0;0
0;1561737590506;0;L_Palm;1028;Left;False;0;0;0;0;0;0
0;1561737590519;0;R_Palm;1004;Right;False;0;0;0;0;0;0
0;1561737590519;0;L_Palm;1028;Left;False;0;0;0;0;0;0
0;1561737590528;0;R_Palm;1004;Right;False;0;0;0;0;0;0
0;1561737590529;0;L_Palm;1028;Left;False;0;0;0;0;0;0
0;1561737590539;0;R_Palm;1004;Right;False;0;0;0;0;0;0
0;1561737590539;0;L_Palm;1028;Left;False;0;0;0;0;0;0
0;1561737590551;0;R_Palm;1004;Right;False;0;0;0;0;0;0
0;1561737590551;0;L_Palm;1028;Left;False;0;0;0;0;0;0
0;1561737590562;0;R_Palm;1004;Right;False;0;0;0;0;0;0
0;1561737590562;0;L_Palm;1028;Left;False;0;0;0;0;0;0
0;1561737590573;0;R_Palm;1004;Right;False;0;0;0;0;0;0
0;1561737590573;0;L_Palm;1028;Left;False;0;0;0;0;0;0
0;1561737590584;0;R_Palm;1004;Right;False;0;0;0;0;0;0
0;1561737590584;0;L_Palm;1028;Left;False;0;0;0;0;0;0
0;1561737590596;0;R_Palm;1004;Right;False;0;0;0;0;0;0
0;1561737590596;0;L_Palm;1028;Left;False;0;0;0;0;0;0
0;1561737590607;0;R_Palm;1004;Right;False;0;0;0;0;0;0
0;1561737590607;0;L_Palm;1028;Left;False;0;0;0;0;0;0
0;1561737590617;0;R_Palm;1004;Right;False;0;0;0;0;0;0
0;1561737590617;0;L_Palm;1028;Left;False;0;0;0;0;0;0
0;1561737590629;0;R_Palm;1004;Right;False;0;0;0;0;0;0
0;1561737590629;0;L_Palm;1028;Left;False;0;0;0;0;0;0
0;1561737590640;0;R_Palm;1004;Right;False;0;0;0;0;0;0
0;1561737590640;0;L_Palm;1028;Left;False;0;0;0;0;0;0
0;1561737590654;0;R_Palm;1004;Right;False;0;0;0;0;0;0
0;1561737590654;0;L_Palm;1028;Left;False;0;0;0;0;0;0
0;1561737590663;0;R_Palm;1004;Right;False;0;0;0;0;0;0
0;1561737590663;0;L_Palm;1028;Left;False;0;0;0;0;0;0
0;1561737590673;0;R_Palm;1004;Right;False;0;0;0;0;0;0
0;1561737590673;0;L_Palm;1028;Left;False;0;0;0;0;0;0
0;1561737590684;0;R_Palm;1004;Right;False;0;0;0;0;0;0
0;1561737590684;0;L_Palm;1028;Left;False;0;0;0;0;0;0
0;1561737590695;0;R_Palm;1004;Right;False;0;0;0;0;0;0
0;1561737590695;0;L_Palm;1028;Left;False;0;0;0;0;0;0
0;1561737590707;0;R_Palm;1004;Right;False;0;0;0;0;0;0
0;1561737590707;0;L_Palm;1028;Left;False;0;0;0;0;0;0
0;1561737590717;0;R_Palm;1004;Right;False;0;0;0;0;0;0
0;1561737590717;0;L_Palm;1028;Left;False;0;0;0;0;0;0
0;1561737590729;0;R_Palm;1004;Right;False;0;0;0;0;0;0
0;1561737590729;0;L_Palm;1028;Left;False;0;0;0;0;0;0
0;1561737590739;0;R_Palm;1004;Right;False;0;0;0;0;0;0
0;1561737590740;0;L_Palm;1028;Left;False;0;0;0;0;0;0
0;1561737590751;0;R_Palm;1004;Right;False;0;0;0;0;0;0
0;1561737590752;0;L_Palm;1028;Left;False;0;0;0;0;0;0
0;1561737590761;0;R_Palm;1004;Right;False;0;0;0;0;0;0
0;1561737590762;0;L_Palm;1028;Left;False;0;0;0;0;0;0
0;1561737590773;0;R_Palm;1004;Right;False;0;0;0;0;0;0
0;1561737590773;0;L_Palm;1028;Left;False;0;0;0;0;0;0
0;1561737590784;0;R_Palm;1004;Right;False;0;0;0;0;0;0
0;1561737590784;0;L_Palm;1028;Left;False;0;0;0;0;0;0
0;1561737590798;0;R_Palm;1004;Right;False;0;0;0;0;0;0
0;1561737590798;0;L_Palm;1028;Left;False;0;0;0;0;0;0
0;1561737590806;0;R_Palm;1004;Right;False;0;0;0;0;0;0
0;1561737590806;0;L_Palm;1028;Left;False;0;0;0;0;0;0
0;1561737590818;0;R_Palm;1004;Right;False;0;0;0;0;0;0
0;1561737590818;0;L_Palm;1028;Left;False;0;0;0;0;0;0
0;1561737590830;0;R_Palm;1004;Right;False;0;0;0;0;0;0
0;1561737590830;0;L_Palm;1028;Left;False;0;0;0;0;0;0
0;1561737590840;0;R_Palm;1004;Right;False;0;0;0;0;0;0
0;1561737590840;0;L_Palm;1028;Left;False;0;0;0;0;0;0
0;1561737590851;0;R_Palm;1004;Right;False;0;0;0;0;0;0
0;1561737590851;0;L_Palm;1028;Left;False;0;0;0;0;0;0
0;1561737590863;0;R_Palm;1004;Right;False;0;0;0;0;0;0
0;1561737590863;0;L_Palm;1028;Left;False;0;0;0;0;0;0
0;1561737590873;0;R_Palm;1004;Right;False;0;0;0;0;0;0
0;1561737590873;0;L_Palm;1028;Left;False;0;0;0;0;0;0
0;1561737590885;0;R_Palm;1004;Right;False;0;0;0;0;0;0
0;1561737590885;0;L_Palm;1028;Left;False;0;0;0;0;0;0
0;1561737590896;0;R_Palm;1004;Right;False;0;0;0;0;0;0
0;1561737590896;0;L_Palm;1028;Left;False;0;0;0;0;0;0
0;1561737590909;0;R_Palm;1004;Right;False;0;0;0;0;0;0
0;1561737590909;0;L_Palm;1028;Left;False;0;0;0;0;0;0
0;1561737590918;0;R_Palm;1004;Right;False;0;0;0;0;0;0
0;1561737590918;0;L_Palm;1028;Left;False;0;0;0;0;0;0
0;1561737590929;0;R_Palm;1004;Right;False;0;0;0;0;0;0
0;1561737590929;0;L_Palm;1028;Left;False;0;0;0;0;0;0
0;1561737590940;0;R_Palm;1004;Right;False;0;0;0;0;0;0
0;1561737590940;0;L_Palm;1028;Left;False;0;0;0;0;0;0
0;1561737590951;0;R_Palm;1004;Right;False;0;0;0;0;0;0
0;1561737590952;0;L_Palm;1028;Left;False;0;0;0;0;0;0
0;1561737590963;0;R_Palm;1004;Right;False;0;0;0;0;0;0
0;1561737590963;0;L_Palm;1028;Left;False;0;0;0;0;0;0
0;1561737590974;0;R_Palm;1004;Right;False;0;0;0;0;0;0
0;1561737590974;0;L_Palm;1028;Left;False;0;0;0;0;0;0
0;1561737590987;0;R_Palm;1004;Right;False;0;0;0;0;0;0
0;1561737590987;0;L_Palm;1028;Left;False;0;0;0;0;0;0
0;1561737590996;0;R_Palm;1004;Right;False;0;0;0;0;0;0
0;1561737590996;0;L_Palm;1028;Left;False;0;0;0;0;0;0
0;1561737591008;0;R_Palm;1004;Right;False;0;0;0;0;0;0
0;1561737591008;0;L_Palm;1028;Left;False;0;0;0;0;0;0
0;1561737591019;0;R_Palm;1004;Right;False;0;0;0;0;0;0
0;1561737591019;0;L_Palm;1028;Left;False;0;0;0;0;0;0
0;1561737591030;0;R_Palm;1004;Right;False;0;0;0;0;0;0
0;1561737591031;0;L_Palm;1028;Left;False;0;0;0;0;0;0
0;1561737591042;0;R_Palm;1004;Right;False;0;0;0;0;0;0
0;1561737591042;0;L_Palm;1028;Left;False;0;0;0;0;0;0
0;1561737591052;0;R_Palm;1004;Right;False;0;0;0;0;0;0
0;1561737591053;0;L_Palm;1028;Left;False;0;0;0;0;0;0
0;1561737591064;0;R_Palm;1004;Right;False;0;0;0;0;0;0
0;1561737591064;0;L_Palm;1028;Left;False;0;0;0;0;0;0
0;1561737591075;0;R_Palm;1004;Right;False;0;0;0;0;0;0
0;1561737591075;0;L_Palm;1028;Left;False;0;0;0;0;0;0
0;1561737591086;0;R_Palm;1004;Right;False;0;0;0;0;0;0
0;1561737591087;0;L_Palm;1028;Left;False;0;0;0;0;0;0
0;1561737591097;0;R_Palm;1004;Right;False;0;0;0;0;0;0
0;1561737591098;0;L_Palm;1028;Left;False;0;0;0;0;0;0
0;1561737591109;0;R_Palm;1004;Right;False;0;0;0;0;0;0
0;1561737591109;0;L_Palm;1028;Left;False;0;0;0;0;0;0
0;1561737591119;0;R_Palm;1004;Right;False;0;0;0;0;0;0
0;1561737591120;0;L_Palm;1028;Left;False;0;0;0;0;0;0
0;1561737591131;0;R_Palm;1004;Right;False;0;0;0;0;0;0
0;1561737591131;0;L_Palm;1028;Left;False;0;0;0;0;0;0
0;1561737591142;0;R_Palm;1004;Right;False;0;0;0;0;0;0
0;1561737591142;0;L_Palm;1028;Left;False;0;0;0;0;0;0
0;1561737591153;0;R_Palm;1004;Right;False;0;0;0;0;0;0
0;1561737591153;0;L_Palm;1028;Left;False;0;0;0;0;0;0
0;1561737591164;0;R_Palm;1004;Right;False;0;0;0;0;0;0
0;1561737591164;0;L_Palm;1028;Left;False;0;0;0;0;0;0
0;1561737591175;0;R_Palm;1004;Right;False;0;0;0;0;0;0
0;1561737591175;0;L_Palm;1028;Left;False;0;0;0;0;0;0
0;1561737591187;0;R_Palm;1004;Right;False;0;0;0;0;0;0
0;1561737591187;0;L_Palm;1028;Left;False;0;0;0;0;0;0
0;1561737591198;0;R_Palm;1004;Right;False;0;0;0;0;0;0
0;1561737591198;0;L_Palm;1028;Left;False;0;0;0;0;0;0
0;1561737591210;0;R_Palm;1004;Right;False;0;0;0;0;0;0
0;1561737591210;0;L_Palm;1028;Left;False;0;0;0;0;0;0
0;1561737591221;0;R_Palm;1004;Right;False;0;0;0;0;0;0
0;1561737591221;0;L_Palm;1028;Left;False;0;0;0;0;0;0
0;1561737591232;0;R_Palm;1004;Right;False;0;0;0;0;0;0
0;1561737591232;0;L_Palm;1028;Left;False;0;0;0;0;0;0
0;1561737591243;0;R_Palm;1004;Right;False;0;0;0;0;0;0
0;1561737591243;0;L_Palm;1028;Left;False;0;0;0;0;0;0
0;1561737591254;0;R_Palm;1004;Right;False;0;0;0;0;0;0
0;1561737591254;0;L_Palm;1028;Left;False;0;0;0;0;0;0
0;1561737591265;0;R_Palm;1004;Right;False;0;0;0;0;0;0
0;1561737591265;0;L_Palm;1028;Left;False;0;0;0;0;0;0
0;1561737591276;0;R_Palm;1004;Right;False;0;0;0;0;0;0
0;1561737591276;0;L_Palm;1028;Left;False;0;0;0;0;0;0
0;1561737591289;0;R_Palm;1004;Right;False;0;0;0;0;0;0
0;1561737591289;0;L_Palm;1028;Left;False;0;0;0;0;0;0
0;1561737591300;0;R_Palm;1004;Right;False;0;0;0;0;0;0
0;1561737591300;0;L_Palm;1028;Left;False;0;0;0;0;0;0
0;1561737591310;0;R_Palm;1004;Right;False;0;0;0;0;0;0
0;1561737591310;0;L_Palm;1028;Left;False;0;0;0;0;0;0
0;1561737591321;0;R_Palm;1004;Right;False;0;0;0;0;0;0
0;1561737591321;0;L_Palm;1028;Left;False;0;0;0;0;0;0
0;1561737591332;0;R_Palm;1004;Right;False;0;0;0;0;0;0
0;1561737591333;0;L_Palm;1028;Left;False;0;0;0;0;0;0
0;1561737591343;0;R_Palm;1004;Right;False;0;0;0;0;0;0
0;1561737591344;0;L_Palm;1028;Left;False;0;0;0;0;0;0
0;1561737591354;0;R_Palm;1004;Right;False;0;0;0;0;0;0
0;1561737591355;0;L_Palm;1028;Left;False;0;0;0;0;0;0
0;1561737591366;0;R_Palm;1004;Right;False;0;0;0;0;0;0
0;1561737591366;0;L_Palm;1028;Left;False;0;0;0;0;0;0
0;1561737591377;0;R_Palm;1004;Right;False;0;0;0;0;0;0
0;1561737591378;0;L_Palm;1028;Left;False;0;0;0;0;0;0
0;1561737591391;0;R_Palm;1004;Right;False;0;0;0;0;0;0
0;1561737591391;0;L_Palm;1028;Left;False;0;0;0;0;0;0
0;1561737591400;0;R_Palm;1004;Right;False;0;0;0;0;0;0
0;1561737591400;0;L_Palm;1028;Left;False;0;0;0;0;0;0
0;1561737591410;0;R_Palm;1004;Right;False;0;0;0;0;0;0
0;1561737591411;0;L_Palm;1028;Left;False;0;0;0;0;0;0
0;1561737591424;0;R_Palm;1004;Right;False;0;0;0;0;0;0
0;1561737591424;0;L_Palm;1028;Left;False;0;0;0;0;0;0
0;1561737591433;0;R_Palm;1004;Right;False;0;0;0;0;0;0
0;1561737591433;0;L_Palm;1028;Left;False;0;0;0;0;0;0
0;1561737591444;0;R_Palm;1004;Right;False;0;0;0;0;0;0
0;1561737591444;0;L_Palm;1028;Left;False;0;0;0;0;0;0
0;1561737591455;0;R_Palm;1004;Right;False;0;0;0;0;0;0
0;1561737591455;0;L_Palm;1028;Left;False;0;0;0;0;0;0
0;1561737591465;0;R_Palm;1004;Right;False;0;0;0;0;0;0
0;1561737591466;0;L_Palm;1028;Left;False;0;0;0;0;0;0
0;1561737591477;0;R_Palm;1004;Right;False;0;0;0;0;0;0
0;1561737591478;0;L_Palm;1028;Left;False;0;0;0;0;0;0
0;1561737591488;0;R_Palm;1004;Right;False;0;0;0;0;0;0
0;1561737591488;0;L_Palm;1028;Left;False;0;0;0;0;0;0
0;1561737591499;0;R_Palm;1004;Right;False;0;0;0;0;0;0
0;1561737591499;0;L_Palm;1028;Left;False;0;0;0;0;0;0
0;1561737591510;0;R_Palm;1004;Right;False;0;0;0;0;0;0
0;1561737591510;0;L_Palm;1028;Left;False;0;0;0;0;0;0
0;1561737591522;0;R_Palm;1004;Right;False;0;0;0;0;0;0
0;1561737591522;0;L_Palm;1028;Left;False;0;0;0;0;0;0
0;1561737591532;0;R_Palm;1004;Right;False;0;0;0;0;0;0
0;1561737591532;0;L_Palm;1028;Left;False;0;0;0;0;0;0
0;1561737591543;0;R_Palm;1004;Right;False;0;0;0;0;0;0
0;1561737591544;0;L_Palm;1028;Left;False;0;0;0;0;0;0
0;1561737591555;0;R_Palm;1004;Right;False;0;0;0;0;0;0
0;1561737591555;0;L_Palm;1028;Left;False;0;0;0;0;0;0
0;1561737591567;0;R_Palm;1004;Right;False;0;0;0;0;0;0
0;1561737591567;0;L_Palm;1028;Left;False;0;0;0;0;0;0
0;1561737591577;0;R_Palm;1004;Right;False;0;0;0;0;0;0
0;1561737591578;0;L_Palm;1028;Left;False;0;0;0;0;0;0
0;1561737591588;0;R_Palm;1004;Right;False;0;0;0;0;0;0
0;1561737591588;0;L_Palm;1028;Left;False;0;0;0;0;0;0
0;1561737591599;0;R_Palm;1004;Right;False;0;0;0;0;0;0
0;1561737591600;0;L_Palm;1028;Left;False;0;0;0;0;0;0
0;1561737591612;0;R_Palm;1004;Right;False;0;0;0;0;0;0
0;1561737591612;0;L_Palm;1028;Left;False;0;0;0;0;0;0
0;1561737591622;0;R_Palm;1004;Right;False;0;0;0;0;0;0
0;1561737591623;0;L_Palm;1028;Left;False;0;0;0;0;0;0
0;1561737591633;0;R_Palm;1004;Right;False;0;0;0;0;0;0
0;1561737591633;0;L_Palm;1028;Left;False;0;0;0;0;0;0
0;1561737591645;0;R_Palm;1004;Right;False;0;0;0;0;0;0
0;1561737591645;0;L_Palm;1028;Left;False;0;0;0;0;0;0
0;1561737591656;0;R_Palm;1004;Right;False;0;0;0;0;0;0
0;1561737591656;0;L_Palm;1028;Left;False;0;0;0;0;0;0
0;1561737591667;0;R_Palm;1004;Right;False;0;0;0;0;0;0
0;1561737591667;0;L_Palm;1028;Left;False;0;0;0;0;0;0
0;1561737591678;0;R_Palm;1004;Right;False;0;0;0;0;0;0
0;1561737591678;0;L_Palm;1028;Left;False;0;0;0;0;0;0
0;1561737591689;0;R_Palm;1004;Right;False;0;0;0;0;0;0
0;1561737591689;0;L_Palm;1028;Left;False;0;0;0;0;0;0
0;1561737591700;0;R_Palm;1004;Right;False;0;0;0;0;0;0
0;1561737591700;0;L_Palm;1028;Left;False;0;0;0;0;0;0
0;1561737591711;0;R_Palm;1004;Right;False;0;0;0;0;0;0
0;1561737591711;0;L_Palm;1028;Left;False;0;0;0;0;0;0
0;1561737591722;0;R_Palm;1004;Right;False;0;0;0;0;0;0
0;1561737591722;0;L_Palm;1028;Left;False;0;0;0;0;0;0
0;1561737591734;0;R_Palm;1004;Right;False;0;0;0;0;0;0
0;1561737591734;0;L_Palm;1028;Left;False;0;0;0;0;0;0
0;1561737591745;0;R_Palm;1004;Right;False;0;0;0;0;0;0
0;1561737591746;0;L_Palm;1028;Left;False;0;0;0;0;0;0
0;1561737591757;0;R_Palm;1004;Right;False;0;0;0;0;0;0
0;1561737591758;0;L_Palm;1028;Left;False;0;0;0;0;0;0
0;1561737591768;0;R_Palm;1004;Right;False;0;0;0;0;0;0
0;1561737591768;0;L_Palm;1028;Left;False;0;0;0;0;0;0
0;1561737591779;0;R_Palm;1004;Right;False;0;0;0;0;0;0
0;1561737591779;0;L_Palm;1028;Left;False;0;0;0;0;0;0
0;1561737591790;0;R_Palm;1004;Right;False;0;0;0;0;0;0
0;1561737591791;0;L_Palm;1028;Left;False;0;0;0;0;0;0
0;1561737591802;0;R_Palm;1004;Right;False;0;0;0;0;0;0
0;1561737591802;0;L_Palm;1028;Left;False;0;0;0;0;0;0
0;1561737591812;0;R_Palm;1004;Right;False;0;0;0;0;0;0
0;1561737591812;0;L_Palm;1028;Left;False;0;0;0;0;0;0
0;1561737591824;0;R_Palm;1004;Right;False;0;0;0;0;0;0
0;1561737591824;0;L_Palm;1028;Left;False;0;0;0;0;0;0
0;1561737591835;0;R_Palm;1004;Right;False;0;0;0;0;0;0
0;1561737591835;0;L_Palm;1028;Left;False;0;0;0;0;0;0
0;1561737591846;0;R_Palm;1004;Right;False;0;0;0;0;0;0
0;1561737591846;0;L_Palm;1028;Left;False;0;0;0;0;0;0
0;1561737591857;0;R_Palm;1004;Right;False;0;0;0;0;0;0
0;1561737591858;0;L_Palm;1028;Left;False;0;0;0;0;0;0
0;1561737591869;0;R_Palm;1004;Right;False;0;0;0;0;0;0
0;1561737591869;0;L_Palm;1028;Left;False;0;0;0;0;0;0
0;1561737591879;0;R_Palm;1004;Right;False;0;0;0;0;0;0
0;1561737591880;0;L_Palm;1028;Left;False;0;0;0;0;0;0
0;1561737591891;0;R_Palm;1004;Right;False;0;0;0;0;0;0
0;1561737591891;0;L_Palm;1028;Left;False;0;0;0;0;0;0
0;1561737591902;0;R_Palm;1004;Right;False;0;0;0;0;0;0
0;1561737591902;0;L_Palm;1028;Left;False;0;0;0;0;0;0
0;1561737591913;0;R_Palm;1004;Right;False;0;0;0;0;0;0
0;1561737591913;0;L_Palm;1028;Left;False;0;0;0;0;0;0
0;1561737591925;0;R_Palm;1004;Right;False;0;0;0;0;0;0
0;1561737591925;0;L_Palm;1028;Left;False;0;0;0;0;0;0
0;1561737591936;0;R_Palm;1004;Right;False;0;0;0;0;0;0
0;1561737591936;0;L_Palm;1028;Left;False;0;0;0;0;0;0
0;1561737591947;0;R_Palm;1004;Right;False;0;0;0;0;0;0
0;1561737591947;0;L_Palm;1028;Left;False;0;0;0;0;0;0
0;1561737591958;0;R_Palm;1004;Right;False;0;0;0;0;0;0
0;1561737591958;0;L_Palm;1028;Left;False;0;0;0;0;0;0
0;1561737591969;0;R_Palm;1004;Right;False;0;0;0;0;0;0
0;1561737591969;0;L_Palm;1028;Left;False;0;0;0;0;0;0
0;1561737591980;0;R_Palm;1004;Right;False;0;0;0;0;0;0
0;1561737591980;0;L_Palm;1028;Left;False;0;0;0;0;0;0
0;1561737591991;0;R_Palm;1004;Right;False;0;0;0;0;0;0
0;1561737591992;0;L_Palm;1028;Left;False;0;0;0;0;0;0
0;1561737592003;0;R_Palm;1004;Right;False;0;0;0;0;0;0
0;1561737592003;0;L_Palm;1028;Left;False;0;0;0;0;0;0
0;1561737592013;0;R_Palm;1004;Right;False;0;0;0;0;0;0
0;1561737592014;0;L_Palm;1028;Left;False;0;0;0;0;0;0
0;1561737592025;0;R_Palm;1004;Right;False;0;0;0;0;0;0
0;1561737592025;0;L_Palm;1028;Left;False;0;0;0;0;0;0
0;1561737592037;0;R_Palm;1004;Right;False;0;0;0;0;0;0
0;1561737592037;0;L_Palm;1028;Left;False;0;0;0;0;0;0
0;1561737592049;0;R_Palm;1004;Right;False;0;0;0;0;0;0
0;1561737592049;0;L_Palm;1028;Left;False;0;0;0;0;0;0
0;1561737592058;0;R_Palm;1004;Right;False;0;0;0;0;0;0
0;1561737592058;0;L_Palm;1028;Left;False;0;0;0;0;0;0
0;1561737592070;0;R_Palm;1004;Right;False;0;0;0;0;0;0
0;1561737592070;0;L_Palm;1028;Left;False;0;0;0;0;0;0
0;1561737592081;0;R_Palm;1004;Right;False;0;0;0;0;0;0
0;1561737592081;0;L_Palm;1028;Left;False;0;0;0;0;0;0
0;1561737592092;0;R_Palm;1004;Right;False;0;0;0;0;0;0
0;1561737592092;0;L_Palm;1028;Left;False;0;0;0;0;0;0
0;1561737592104;0;R_Palm;1004;Right;False;0;0;0;0;0;0
0;1561737592104;0;L_Palm;1028;Left;False;0;0;0;0;0;0
0;1561737592114;0;R_Palm;1004;Right;False;0;0;0;0;0;0
0;1561737592115;0;L_Palm;1028;Left;False;0;0;0;0;0;0
0;1561737592126;0;R_Palm;1004;Right;False;0;0;0;0;0;0
0;1561737592126;0;L_Palm;1028;Left;False;0;0;0;0;0;0
0;1561737592137;0;R_Palm;1004;Right;False;0;0;0;0;0;0
0;1561737592137;0;L_Palm;1028;Left;False;0;0;0;0;0;0
0;1561737592148;0;R_Palm;1004;Right;False;0;0;0;0;0;0
0;1561737592148;0;L_Palm;1028;Left;False;0;0;0;0;0;0
0;1561737592159;0;R_Palm;1004;Right;False;0;0;0;0;0;0
0;1561737592160;0;L_Palm;1028;Left;False;0;0;0;0;0;0
0;1561737592171;0;R_Palm;1004;Right;False;0;0;0;0;0;0
0;1561737592171;0;L_Palm;1028;Left;False;0;0;0;0;0;0
0;1561737592182;0;R_Palm;1004;Right;False;0;0;0;0;0;0
0;1561737592182;0;L_Palm;1028;Left;False;0;0;0;0;0;0
0;1561737592193;0;R_Palm;1004;Right;False;0;0;0;0;0;0
0;1561737592193;0;L_Palm;1028;Left;False;0;0;0;0;0;0
0;1561737592204;0;R_Palm;1004;Right;False;0;0;0;0;0;0
0;1561737592205;0;L_Palm;1028;Left;False;0;0;0;0;0;0
0;1561737592215;0;R_Palm;1004;Right;False;0;0;0;0;0;0
0;1561737592215;0;L_Palm;1028;Left;False;0;0;0;0;0;0
0;1561737592227;0;R_Palm;1004;Right;False;0;0;0;0;0;0
0;1561737592228;0;L_Palm;1028;Left;False;0;0;0;0;0;0
0;1561737592238;0;R_Palm;1004;Right;False;0;0;0;0;0;0
0;1561737592238;0;L_Palm;1028;Left;False;0;0;0;0;0;0
0;1561737592250;0;R_Palm;1004;Right;False;0;0;0;0;0;0
0;1561737592250;0;L_Palm;1028;Left;False;0;0;0;0;0;0
0;1561737592259;0;R_Palm;1004;Right;False;0;0;0;0;0;0
0;1561737592259;0;L_Palm;1028;Left;False;0;0;0;0;0;0
0;1561737592271;0;R_Palm;1004;Right;False;0;0;0;0;0;0
0;1561737592271;0;L_Palm;1028;Left;False;0;0;0;0;0;0
0;1561737592282;0;R_Palm;1004;Right;False;0;0;0;0;0;0
0;1561737592282;0;L_Palm;1028;Left;False;0;0;0;0;0;0
0;1561737592293;0;R_Palm;1004;Right;False;0;0;0;0;0;0
0;1561737592293;0;L_Palm;1028;Left;False;0;0;0;0;0;0
0;1561737592305;0;R_Palm;1004;Right;False;0;0;0;0;0;0
0;1561737592305;0;L_Palm;1028;Left;False;0;0;0;0;0;0
0;1561737592316;0;R_Palm;1004;Right;False;0;0;0;0;0;0
0;1561737592316;0;L_Palm;1028;Left;False;0;0;0;0;0;0
0;1561737592327;0;R_Palm;1004;Right;False;0;0;0;0;0;0
0;1561737592327;0;L_Palm;1028;Left;False;0;0;0;0;0;0
0;1561737592338;0;R_Palm;1004;Right;False;0;0;0;0;0;0
0;1561737592338;0;L_Palm;1028;Left;False;0;0;0;0;0;0
0;1561737592349;0;R_Palm;1004;Right;False;0;0;0;0;0;0
0;1561737592349;0;L_Palm;1028;Left;False;0;0;0;0;0;0
0;1561737592360;0;R_Palm;1004;Right;False;0;0;0;0;0;0
0;1561737592360;0;L_Palm;1028;Left;False;0;0;0;0;0;0
0;1561737592371;0;R_Palm;1004;Right;False;0;0;0;0;0;0
0;1561737592371;0;L_Palm;1028;Left;False;0;0;0;0;0;0
0;1561737592382;0;R_Palm;1004;Right;False;0;0;0;0;0;0
0;1561737592383;0;L_Palm;1028;Left;False;0;0;0;0;0;0
0;1561737592394;0;R_Palm;1004;Right;False;0;0;0;0;0;0
0;1561737592394;0;L_Palm;1028;Left;False;0;0;0;0;0;0
0;1561737592405;0;R_Palm;1004;Right;False;0;0;0;0;0;0
0;1561737592405;0;L_Palm;1028;Left;False;0;0;0;0;0;0
0;1561737592416;0;R_Palm;1004;Right;False;0;0;0;0;0;0
0;1561737592416;0;L_Palm;1028;Left;False;0;0;0;0;0;0
0;1561737592427;0;R_Palm;1004;Right;False;0;0;0;0;0;0
0;1561737592427;0;L_Palm;1028;Left;False;0;0;0;0;0;0
0;1561737592438;0;R_Palm;1004;Right;False;0;0;0;0;0;0
0;1561737592438;0;L_Palm;1028;Left;False;0;0;0;0;0;0
0;1561737592449;0;R_Palm;1004;Right;False;0;0;0;0;0;0
0;1561737592449;0;L_Palm;1028;Left;False;0;0;0;0;0;0
0;1561737592466;0;R_Palm;1004;Right;False;0;0;0;0;0;0
0;1561737592466;0;L_Palm;1028;Left;False;0;0;0;0;0;0
0;1561737592472;0;R_Palm;1004;Right;False;0;0;0;0;0;0
0;1561737592473;0;L_Palm;1028;Left;False;0;0;0;0;0;0
0;1561737592483;0;R_Palm;1004;Right;False;0;0;0;0;0;0
0;1561737592483;0;L_Palm;1028;Left;False;0;0;0;0;0;0
0;1561737592496;0;R_Palm;1004;Right;False;0;0;0;0;0;0
0;1561737592496;0;L_Palm;1028;Left;False;0;0;0;0;0;0
0;1561737592507;0;R_Palm;1004;Right;False;0;0;0;0;0;0
0;1561737592507;0;L_Palm;1028;Left;False;0;0;0;0;0;0
0;1561737592517;0;R_Palm;1004;Right;False;0;0;0;0;0;0
0;1561737592517;0;L_Palm;1028;Left;False;0;0;0;0;0;0
0;1561737592530;0;R_Palm;1004;Right;False;0;0;0;0;0;0
0;1561737592530;0;L_Palm;1028;Left;False;0;0;0;0;0;0
0;1561737592538;0;R_Palm;1004;Right;False;0;0;0;0;0;0
0;1561737592539;0;L_Palm;1028;Left;False;0;0;0;0;0;0
0;1561737592550;0;R_Palm;1004;Right;False;0;0;0;0;0;0
0;1561737592551;0;L_Palm;1028;Left;False;0;0;0;0;0;0
0;1561737592562;0;R_Palm;1004;Right;False;0;0;0;0;0;0
0;1561737592562;0;L_Palm;1028;Left;False;0;0;0;0;0;0
0;1561737592573;0;R_Palm;1004;Right;False;0;0;0;0;0;0
0;1561737592573;0;L_Palm;1028;Left;False;0;0;0;0;0;0
0;1561737592583;0;R_Palm;1004;Right;False;0;0;0;0;0;0
0;1561737592584;0;L_Palm;1028;Left;False;0;0;0;0;0;0
0;1561737592595;0;R_Palm;1004;Right;False;0;0;0;0;0;0
0;1561737592595;0;L_Palm;1028;Left;False;0;0;0;0;0;0
0;1561737592606;0;R_Palm;1004;Right;False;0;0;0;0;0;0
0;1561737592606;0;L_Palm;1028;Left;False;0;0;0;0;0;0
0;1561737592617;0;R_Palm;1004;Right;False;0;0;0;0;0;0
0;1561737592617;0;L_Palm;1028;Left;False;0;0;0;0;0;0
0;1561737592630;0;R_Palm;1004;Right;False;0;0;0;0;0;0
0;1561737592630;0;L_Palm;1028;Left;False;0;0;0;0;0;0
0;1561737592639;0;R_Palm;1004;Right;False;0;0;0;0;0;0
0;1561737592639;0;L_Palm;1028;Left;False;0;0;0;0;0;0
0;1561737592651;0;R_Palm;1004;Right;False;0;0;0;0;0;0
0;1561737592651;0;L_Palm;1028;Left;False;0;0;0;0;0;0
0;1561737592662;0;R_Palm;1004;Right;False;0;0;0;0;0;0
0;1561737592662;0;L_Palm;1028;Left;False;0;0;0;0;0;0
0;1561737592673;0;R_Palm;1004;Right;False;0;0;0;0;0;0
0;1561737592673;0;L_Palm;1028;Left;False;0;0;0;0;0;0
0;1561737592684;0;R_Palm;1004;Right;False;0;0;0;0;0;0
0;1561737592684;0;L_Palm;1028;Left;False;0;0;0;0;0;0
0;1561737592695;0;R_Palm;1004;Right;False;0;0;0;0;0;0
0;1561737592695;0;L_Palm;1028;Left;False;0;0;0;0;0;0
0;1561737592707;0;R_Palm;1004;Right;False;0;0;0;0;0;0
0;1561737592707;0;L_Palm;1028;Left;False;0;0;0;0;0;0
0;1561737592717;0;R_Palm;1004;Right;False;0;0;0;0;0;0
0;1561737592717;0;L_Palm;1028;Left;False;0;0;0;0;0;0
0;1561737592729;0;R_Palm;1004;Right;False;0;0;0;0;0;0
0;1561737592729;0;L_Palm;1028;Left;False;0;0;0;0;0;0
0;1561737592740;0;R_Palm;1004;Right;False;0;0;0;0;0;0
0;1561737592741;0;L_Palm;1028;Left;False;0;0;0;0;0;0
0;1561737592751;0;R_Palm;1004;Right;False;0;0;0;0;0;0
0;1561737592751;0;L_Palm;1028;Left;False;0;0;0;0;0;0
0;1561737592763;0;R_Palm;1004;Right;False;0;0;0;0;0;0
0;1561737592763;0;L_Palm;1028;Left;False;0;0;0;0;0;0
0;1561737592773;0;R_Palm;1004;Right;False;0;0;0;0;0;0
0;1561737592773;0;L_Palm;1028;Left;False;0;0;0;0;0;0
0;1561737592785;0;R_Palm;1004;Right;False;0;0;0;0;0;0
0;1561737592785;0;L_Palm;1028;Left;False;0;0;0;0;0;0
0;1561737592796;0;R_Palm;1004;Right;False;0;0;0;0;0;0
0;1561737592796;0;L_Palm;1028;Left;False;0;0;0;0;0;0
0;1561737592807;0;R_Palm;1004;Right;False;0;0;0;0;0;0
0;1561737592807;0;L_Palm;1028;Left;False;0;0;0;0;0;0
0;1561737592818;0;R_Palm;1004;Right;False;0;0;0;0;0;0
0;1561737592818;0;L_Palm;1028;Left;False;0;0;0;0;0;0
0;1561737592829;0;R_Palm;1004;Right;False;0;0;0;0;0;0
0;1561737592830;0;L_Palm;1028;Left;False;0;0;0;0;0;0
0;1561737592841;0;R_Palm;1004;Right;False;0;0;0;0;0;0
0;1561737592841;0;L_Palm;1028;Left;False;0;0;0;0;0;0
0;1561737592852;0;R_Palm;1004;Right;False;0;0;0;0;0;0
0;1561737592852;0;L_Palm;1028;Left;False;0;0;0;0;0;0
0;1561737592864;0;R_Palm;1004;Right;False;0;0;0;0;0;0
0;1561737592864;0;L_Palm;1028;Left;False;0;0;0;0;0;0
0;1561737592874;0;R_Palm;1004;Right;False;0;0;0;0;0;0
0;1561737592874;0;L_Palm;1028;Left;False;0;0;0;0;0;0
0;1561737592885;0;R_Palm;1004;Right;False;0;0;0;0;0;0
0;1561737592886;0;L_Palm;1028;Left;False;0;0;0;0;0;0
0;1561737592896;0;R_Palm;1004;Right;False;0;0;0;0;0;0
0;1561737592896;0;L_Palm;1028;Left;False;0;0;0;0;0;0
0;1561737592908;0;R_Palm;1004;Right;False;0;0;0;0;0;0
0;1561737592908;0;L_Palm;1028;Left;False;0;0;0;0;0;0
0;1561737592919;0;R_Palm;1004;Right;False;0;0;0;0;0;0
0;1561737592919;0;L_Palm;1028;Left;False;0;0;0;0;0;0
0;1561737592930;0;R_Palm;1004;Right;False;0;0;0;0;0;0
0;1561737592930;0;L_Palm;1028;Left;False;0;0;0;0;0;0
0;1561737592941;0;R_Palm;1004;Right;False;0;0;0;0;0;0
0;1561737592941;0;L_Palm;1028;Left;False;0;0;0;0;0;0
0;1561737592952;0;R_Palm;1004;Right;False;0;0;0;0;0;0
0;1561737592952;0;L_Palm;1028;Left;False;0;0;0;0;0;0
0;1561737592965;0;R_Palm;1004;Right;False;0;0;0;0;0;0
0;1561737592965;0;L_Palm;1028;Left;False;0;0;0;0;0;0
0;1561737592976;0;R_Palm;1004;Right;False;0;0;0;0;0;0
0;1561737592976;0;L_Palm;1028;Left;False;0;0;0;0;0;0
0;1561737592986;0;R_Palm;1004;Right;False;0;0;0;0;0;0
0;1561737592986;0;L_Palm;1028;Left;False;0;0;0;0;0;0
0;1561737592997;0;R_Palm;1004;Right;False;0;0;0;0;0;0
0;1561737592997;0;L_Palm;1028;Left;False;0;0;0;0;0;0
0;1561737593008;0;R_Palm;1004;Right;False;0;0;0;0;0;0
0;1561737593008;0;L_Palm;1028;Left;False;0;0;0;0;0;0
0;1561737593020;0;R_Palm;1004;Right;False;0;0;0;0;0;0
0;1561737593020;0;L_Palm;1028;Left;False;0;0;0;0;0;0
0;1561737593031;0;R_Palm;1004;Right;False;0;0;0;0;0;0
0;1561737593031;0;L_Palm;1028;Left;False;0;0;0;0;0;0
0;1561737593042;0;R_Palm;1004;Right;False;0;0;0;0;0;0
0;1561737593042;0;L_Palm;1028;Left;False;0;0;0;0;0;0
0;1561737593053;0;R_Palm;1004;Right;False;0;0;0;0;0;0
0;1561737593053;0;L_Palm;1028;Left;False;0;0;0;0;0;0
0;1561737593064;0;R_Palm;1004;Right;False;0;0;0;0;0;0
0;1561737593065;0;L_Palm;1028;Left;False;0;0;0;0;0;0
0;1561737593075;0;R_Palm;1004;Right;False;0;0;0;0;0;0
0;1561737593075;0;L_Palm;1028;Left;False;0;0;0;0;0;0
0;1561737593086;0;R_Palm;1004;Right;False;0;0;0;0;0;0
0;1561737593087;0;L_Palm;1028;Left;False;0;0;0;0;0;0
0;1561737593100;0;R_Palm;1004;Right;False;0;0;0;0;0;0
0;1561737593100;0;L_Palm;1028;Left;False;0;0;0;0;0;0
0;1561737593109;0;R_Palm;1004;Right;False;0;0;0;0;0;0
0;1561737593110;0;L_Palm;1028;Left;False;0;0;0;0;0;0
0;1561737593120;0;R_Palm;1004;Right;False;0;0;0;0;0;0
0;1561737593120;0;L_Palm;1028;Left;False;0;0;0;0;0;0
0;1561737593131;0;R_Palm;1004;Right;False;0;0;0;0;0;0
0;1561737593131;0;L_Palm;1028;Left;False;0;0;0;0;0;0
0;1561737593142;0;R_Palm;1004;Right;False;0;0;0;0;0;0
0;1561737593142;0;L_Palm;1028;Left;False;0;0;0;0;0;0
0;1561737593153;0;R_Palm;1004;Right;False;0;0;0;0;0;0
0;1561737593153;0;L_Palm;1028;Left;False;0;0;0;0;0;0
0;1561737593164;0;R_Palm;1004;Right;False;0;0;0;0;0;0
0;1561737593164;0;L_Palm;1028;Left;False;0;0;0;0;0;0
0;1561737593176;0;R_Palm;1004;Right;False;0;0;0;0;0;0
0;1561737593176;0;L_Palm;1028;Left;False;0;0;0;0;0;0
0;1561737593186;0;R_Palm;1004;Right;False;0;0;0;0;0;0
0;1561737593187;0;L_Palm;1028;Left;False;0;0;0;0;0;0
0;1561737593198;0;R_Palm;1004;Right;False;0;0;0;0;0;0
0;1561737593198;0;L_Palm;1028;Left;False;0;0;0;0;0;0
0;1561737593210;0;R_Palm;1004;Right;False;0;0;0;0;0;0
0;1561737593210;0;L_Palm;1028;Left;False;0;0;0;0;0;0
0;1561737593221;0;R_Palm;1004;Right;False;0;0;0;0;0;0
0;1561737593221;0;L_Palm;1028;Left;False;0;0;0;0;0;0
0;1561737593232;0;R_Palm;1004;Right;False;0;0;0;0;0;0
0;1561737593232;0;L_Palm;1028;Left;False;0;0;0;0;0;0
0;1561737593243;0;R_Palm;1004;Right;False;0;0;0;0;0;0
0;1561737593243;0;L_Palm;1028;Left;False;0;0;0;0;0;0
0;1561737593254;0;R_Palm;1004;Right;False;0;0;0;0;0;0
0;1561737593254;0;L_Palm;1028;Left;False;0;0;0;0;0;0
0;1561737593265;0;R_Palm;1004;Right;False;0;0;0;0;0;0
0;1561737593265;0;L_Palm;1028;Left;False;0;0;0;0;0;0
0;1561737593276;0;R_Palm;1004;Right;False;0;0;0;0;0;0
0;1561737593276;0;L_Palm;1028;Left;False;0;0;0;0;0;0
0;1561737593287;0;R_Palm;1004;Right;False;0;0;0;0;0;0
0;1561737593287;0;L_Palm;1028;Left;False;0;0;0;0;0;0
0;1561737593298;0;R_Palm;1004;Right;False;0;0;0;0;0;0
0;1561737593298;0;L_Palm;1028;Left;False;0;0;0;0;0;0
0;1561737593309;0;R_Palm;1004;Right;False;0;0;0;0;0;0
0;1561737593309;0;L_Palm;1028;Left;False;0;0;0;0;0;0
0;1561737593320;0;R_Palm;1004;Right;False;0;0;0;0;0;0
0;1561737593320;0;L_Palm;1028;Left;False;0;0;0;0;0;0
0;1561737593332;0;R_Palm;1004;Right;False;0;0;0;0;0;0
0;1561737593332;0;L_Palm;1028;Left;False;0;0;0;0;0;0
0;1561737593343;0;R_Palm;1004;Right;False;0;0;0;0;0;0
0;1561737593343;0;L_Palm;1028;Left;False;0;0;0;0;0;0
0;1561737593354;0;R_Palm;1004;Right;False;0;0;0;0;0;0
0;1561737593354;0;L_Palm;1028;Left;False;0;0;0;0;0;0
0;1561737593365;0;R_Palm;1004;Right;False;0;0;0;0;0;0
0;1561737593366;0;L_Palm;1028;Left;False;0;0;0;0;0;0
0;1561737593376;0;R_Palm;1004;Right;False;0;0;0;0;0;0
0;1561737593376;0;L_Palm;1028;Left;False;0;0;0;0;0;0
0;1561737593388;0;R_Palm;1004;Right;False;0;0;0;0;0;0
0;1561737593388;0;L_Palm;1028;Left;False;0;0;0;0;0;0
0;1561737593399;0;R_Palm;1004;Right;False;0;0;0;0;0;0
0;1561737593399;0;L_Palm;1028;Left;False;0;0;0;0;0;0
0;1561737593410;0;R_Palm;1004;Right;False;0;0;0;0;0;0
0;1561737593410;0;L_Palm;1028;Left;False;0;0;0;0;0;0
0;1561737593422;0;R_Palm;1004;Right;False;0;0;0;0;0;0
0;1561737593422;0;L_Palm;1028;Left;False;0;0;0;0;0;0
0;1561737593432;0;R_Palm;1004;Right;False;0;0;0;0;0;0
0;1561737593433;0;L_Palm;1028;Left;False;0;0;0;0;0;0
0;1561737593444;0;R_Palm;1004;Right;False;0;0;0;0;0;0
0;1561737593444;0;L_Palm;1028;Left;False;0;0;0;0;0;0
0;1561737593454;0;R_Palm;1004;Right;False;0;0;0;0;0;0
0;1561737593455;0;L_Palm;1028;Left;False;0;0;0;0;0;0
0;1561737593466;0;R_Palm;1004;Right;False;0;0;0;0;0;0
0;1561737593467;0;L_Palm;1028;Left;False;0;0;0;0;0;0
0;1561737593477;0;R_Palm;1004;Right;False;0;0;0;0;0;0
0;1561737593477;0;L_Palm;1028;Left;False;0;0;0;0;0;0
0;1561737593489;0;R_Palm;1004;Right;False;0;0;0;0;0;0
0;1561737593489;0;L_Palm;1028;Left;False;0;0;0;0;0;0
0;1561737593499;0;R_Palm;1004;Right;False;0;0;0;0;0;0
0;1561737593499;0;L_Palm;1028;Left;False;0;0;0;0;0;0
0;1561737593511;0;R_Palm;1004;Right;False;0;0;0;0;0;0
0;1561737593511;0;L_Palm;1028;Left;False;0;0;0;0;0;0
0;1561737593522;0;R_Palm;1004;Right;False;0;0;0;0;0;0
0;1561737593522;0;L_Palm;1028;Left;False;0;0;0;0;0;0
0;1561737593540;0;R_Palm;1004;Right;False;0;0;0;0;0;0
0;1561737593540;0;L_Palm;1028;Left;False;0;0;0;0;0;0
0;1561737593545;0;R_Palm;1004;Right;False;0;0;0;0;0;0
0;1561737593546;0;L_Palm;1028;Left;False;0;0;0;0;0;0
0;1561737593555;0;R_Palm;1004;Right;False;0;0;0;0;0;0
0;1561737593555;0;L_Palm;1028;Left;False;0;0;0;0;0;0
0;1561737593567;0;R_Palm;1004;Right;False;0;0;0;0;0;0
0;1561737593567;0;L_Palm;1028;Left;False;0;0;0;0;0;0
0;1561737593578;0;R_Palm;1004;Right;False;0;0;0;0;0;0
0;1561737593578;0;L_Palm;1028;Left;False;0;0;0;0;0;0
0;1561737593589;0;R_Palm;1004;Right;False;0;0;0;0;0;0
0;1561737593590;0;L_Palm;1028;Left;False;0;0;0;0;0;0
0;1561737593600;0;R_Palm;1004;Right;False;0;0;0;0;0;0
0;1561737593600;0;L_Palm;1028;Left;False;0;0;0;0;0;0
0;1561737593617;0;R_Palm;1004;Right;False;0;0;0;0;0;0
0;1561737593617;0;L_Palm;1028;Left;False;0;0;0;0;0;0
0;1561737593631;0;R_Palm;1004;Right;False;0;0;0;0;0;0
0;1561737593632;0;L_Palm;1028;Left;False;0;0;0;0;0;0
0;1561737593638;0;R_Palm;1004;Right;False;0;0;0;0;0;0
0;1561737593638;0;L_Palm;1028;Left;False;0;0;0;0;0;0
0;1561737593644;0;R_Palm;1004;Right;False;0;0;0;0;0;0
0;1561737593644;0;L_Palm;1028;Left;False;0;0;0;0;0;0
0;1561737593653;0;R_Palm;1004;Right;False;0;0;0;0;0;0
0;1561737593653;0;L_Palm;1028;Left;False;0;0;0;0;0;0
0;1561737593664;0;R_Palm;1004;Right;False;0;0;0;0;0;0
0;1561737593664;0;L_Palm;1028;Left;False;0;0;0;0;0;0
0;1561737593675;0;R_Palm;1004;Right;False;0;0;0;0;0;0
0;1561737593675;0;L_Palm;1028;Left;False;0;0;0;0;0;0
0;1561737593686;0;R_Palm;1004;Right;False;0;0;0;0;0;0
0;1561737593686;0;L_Palm;1028;Left;False;0;0;0;0;0;0
0;1561737593698;0;R_Palm;1004;Right;False;0;0;0;0;0;0
0;1561737593698;0;L_Palm;1028;Left;False;0;0;0;0;0;0
0;1561737593707;0;R_Palm;1004;Right;False;0;0;0;0;0;0
0;1561737593707;0;L_Palm;1028;Left;False;0;0;0;0;0;0
0;1561737593718;0;R_Palm;1004;Right;False;0;0;0;0;0;0
0;1561737593718;0;L_Palm;1028;Left;False;0;0;0;0;0;0
0;1561737593729;0;R_Palm;1004;Right;False;0;0;0;0;0;0
0;1561737593729;0;L_Palm;1028;Left;False;0;0;0;0;0;0
0;1561737593740;0;R_Palm;1004;Right;False;0;0;0;0;0;0
0;1561737593740;0;L_Palm;1028;Left;False;0;0;0;0;0;0
0;1561737593752;0;R_Palm;1004;Right;False;0;0;0;0;0;0
0;1561737593752;0;L_Palm;1028;Left;False;0;0;0;0;0;0
0;1561737593763;0;R_Palm;1004;Right;False;0;0;0;0;0;0
0;1561737593763;0;L_Palm;1028;Left;False;0;0;0;0;0;0
0;1561737593774;0;R_Palm;1004;Right;False;0;0;0;0;0;0
0;1561737593774;0;L_Palm;1028;Left;False;0;0;0;0;0;0
0;1561737593785;0;R_Palm;1004;Right;False;0;0;0;0;0;0
0;1561737593786;0;L_Palm;1028;Left;False;0;0;0;0;0;0
0;1561737593800;0;R_Palm;1004;Right;False;0;0;0;0;0;0
0;1561737593800;0;L_Palm;1028;Left;False;0;0;0;0;0;0
0;1561737593808;0;R_Palm;1004;Right;False;0;0;0;0;0;0
0;1561737593808;0;L_Palm;1028;Left;False;0;0;0;0;0;0
0;1561737593819;0;R_Palm;1004;Right;False;0;0;0;0;0;0
0;1561737593819;0;L_Palm;1028;Left;False;0;0;0;0;0;0
0;1561737593830;0;R_Palm;1004;Right;False;0;0;0;0;0;0
0;1561737593831;0;L_Palm;1028;Left;False;0;0;0;0;0;0
0;1561737593843;0;R_Palm;1004;Right;False;0;0;0;0;0;0
0;1561737593843;0;L_Palm;1028;Left;False;0;0;0;0;0;0
0;1561737593853;0;R_Palm;1004;Right;False;0;0;0;0;0;0
0;1561737593853;0;L_Palm;1028;Left;False;0;0;0;0;0;0
0;1561737593863;0;R_Palm;1004;Right;False;0;0;0;0;0;0
0;1561737593863;0;L_Palm;1028;Left;False;0;0;0;0;0;0
0;1561737593874;0;R_Palm;1004;Right;False;0;0;0;0;0;0
0;1561737593874;0;L_Palm;1028;Left;False;0;0;0;0;0;0
0;1561737593888;0;R_Palm;1004;Right;False;0;0;0;0;0;0
0;1561737593888;0;L_Palm;1028;Left;False;0;0;0;0;0;0
0;1561737593896;0;R_Palm;1004;Right;False;0;0;0;0;0;0
0;1561737593897;0;L_Palm;1028;Left;False;0;0;0;0;0;0
0;1561737593909;0;R_Palm;1004;Right;False;0;0;0;0;0;0
0;1561737593909;0;L_Palm;1028;Left;False;0;0;0;0;0;0
0;1561737593919;0;R_Palm;1004;Right;False;0;0;0;0;0;0
0;1561737593919;0;L_Palm;1028;Left;False;0;0;0;0;0;0
0;1561737593933;0;R_Palm;1004;Right;False;0;0;0;0;0;0
0;1561737593933;0;L_Palm;1028;Left;False;0;0;0;0;0;0
0;1561737593942;0;R_Palm;1004;Right;False;0;0;0;0;0;0
0;1561737593942;0;L_Palm;1028;Left;False;0;0;0;0;0;0
0;1561737593954;0;R_Palm;1004;Right;False;0;0;0;0;0;0
0;1561737593954;0;L_Palm;1028;Left;False;0;0;0;0;0;0
0;1561737593965;0;R_Palm;1004;Right;False;0;0;0;0;0;0
0;1561737593965;0;L_Palm;1028;Left;False;0;0;0;0;0;0
0;1561737593975;0;R_Palm;1004;Right;False;0;0;0;0;0;0
0;1561737593976;0;L_Palm;1028;Left;False;0;0;0;0;0;0
0;1561737593987;0;R_Palm;1004;Right;False;0;0;0;0;0;0
0;1561737593987;0;L_Palm;1028;Left;False;0;0;0;0;0;0
0;1561737593998;0;R_Palm;1004;Right;False;0;0;0;0;0;0
0;1561737593998;0;L_Palm;1028;Left;False;0;0;0;0;0;0
0;1561737594010;0;R_Palm;1004;Right;False;0;0;0;0;0;0
0;1561737594010;0;L_Palm;1028;Left;False;0;0;0;0;0;0
0;1561737594020;0;R_Palm;1004;Right;False;0;0;0;0;0;0
0;1561737594021;0;L_Palm;1028;Left;False;0;0;0;0;0;0
0;1561737594032;0;R_Palm;1004;Right;False;0;0;0;0;0;0
0;1561737594032;0;L_Palm;1028;Left;False;0;0;0;0;0;0
0;1561737594044;0;R_Palm;1004;Right;False;0;0;0;0;0;0
0;1561737594044;0;L_Palm;1028;Left;False;0;0;0;0;0;0
0;1561737594055;0;R_Palm;1004;Right;False;0;0;0;0;0;0
0;1561737594055;0;L_Palm;1028;Left;False;0;0;0;0;0;0
0;1561737594066;0;R_Palm;1004;Right;False;0;0;0;0;0;0
0;1561737594066;0;L_Palm;1028;Left;False;0;0;0;0;0;0
0;1561737594078;0;R_Palm;1004;Right;False;0;0;0;0;0;0
0;1561737594078;0;L_Palm;1028;Left;False;0;0;0;0;0;0
0;1561737594089;0;R_Palm;1004;Right;False;0;0;0;0;0;0
0;1561737594089;0;L_Palm;1028;Left;False;0;0;0;0;0;0
0;1561737594101;0;R_Palm;1004;Right;False;0;0;0;0;0;0
0;1561737594101;0;L_Palm;1028;Left;False;0;0;0;0;0;0
0;1561737594117;0;R_Palm;1004;Right;False;0;0;0;0;0;0
0;1561737594118;0;L_Palm;1028;Left;False;0;0;0;0;0;0
0;1561737594132;0;R_Palm;1004;Right;False;0;0;0;0;0;0
0;1561737594132;0;L_Palm;1028;Left;False;0;0;0;0;0;0
0;1561737594146;0;R_Palm;1004;Right;False;0;0;0;0;0;0
0;1561737594146;0;L_Palm;1028;Left;False;0;0;0;0;0;0
0;1561737594157;0;R_Palm;1004;Right;False;0;0;0;0;0;0
0;1561737594158;0;L_Palm;1028;Left;False;0;0;0;0;0;0
0;1561737594169;0;R_Palm;1004;Right;False;0;0;0;0;0;0
0;1561737594169;0;L_Palm;1028;Left;False;0;0;0;0;0;0
0;1561737594180;0;R_Palm;1004;Right;False;0;0;0;0;0;0
0;1561737594180;0;L_Palm;1028;Left;False;0;0;0;0;0;0
0;1561737594191;0;R_Palm;1004;Right;False;0;0;0;0;0;0
0;1561737594192;0;L_Palm;1028;Left;False;0;0;0;0;0;0
0;1561737594207;0;R_Palm;1004;Right;False;0;0;0;0;0;0
0;1561737594208;0;L_Palm;1028;Left;False;0;0;0;0;0;0
0;1561737594214;0;R_Palm;1004;Right;False;0;0;0;0;0;0
0;1561737594215;0;L_Palm;1028;Left;False;0;0;0;0;0;0
0;1561737594226;0;R_Palm;1004;Right;False;0;0;0;0;0;0
0;1561737594226;0;L_Palm;1028;Left;False;0;0;0;0;0;0
0;1561737594239;0;R_Palm;1004;Right;False;0;0;0;0;0;0
0;1561737594239;0;L_Palm;1028;Left;False;0;0;0;0;0;0
0;1561737594248;0;R_Palm;1004;Right;False;0;0;0;0;0;0
0;1561737594248;0;L_Palm;1028;Left;False;0;0;0;0;0;0
0;1561737594259;0;R_Palm;1004;Right;False;0;0;0;0;0;0
0;1561737594259;0;L_Palm;1028;Left;False;0;0;0;0;0;0
0;1561737594273;0;R_Palm;1004;Right;False;0;0;0;0;0;0
0;1561737594273;0;L_Palm;1028;Left;False;0;0;0;0;0;0
0;1561737594282;0;R_Palm;1004;Right;False;0;0;0;0;0;0
0;1561737594282;0;L_Palm;1028;Left;False;0;0;0;0;0;0
0;1561737594292;0;R_Palm;1004;Right;False;0;0;0;0;0;0
0;1561737594293;0;L_Palm;1028;Left;False;0;0;0;0;0;0
0;1561737594307;0;R_Palm;1004;Right;False;0;0;0;0;0;0
0;1561737594307;0;L_Palm;1028;Left;False;0;0;0;0;0;0
0;1561737594315;0;R_Palm;1004;Right;False;0;0;0;0;0;0
0;1561737594315;0;L_Palm;1028;Left;False;0;0;0;0;0;0
0;1561737594326;0;R_Palm;1004;Right;False;0;0;0;0;0;0
0;1561737594327;0;L_Palm;1028;Left;False;0;0;0;0;0;0
0;1561737594337;0;R_Palm;1004;Right;False;0;0;0;0;0;0
0;1561737594337;0;L_Palm;1028;Left;False;0;0;0;0;0;0
0;1561737594349;0;R_Palm;1004;Right;False;0;0;0;0;0;0
0;1561737594350;0;L_Palm;1028;Left;False;0;0;0;0;0;0
0;1561737594360;0;R_Palm;1004;Right;False;0;0;0;0;0;0
0;1561737594360;0;L_Palm;1028;Left;False;0;0;0;0;0;0
0;1561737594371;0;R_Palm;1004;Right;False;0;0;0;0;0;0
0;1561737594371;0;L_Palm;1028;Left;False;0;0;0;0;0;0
0;1561737594382;0;R_Palm;1004;Right;False;0;0;0;0;0;0
0;1561737594382;0;L_Palm;1028;Left;False;0;0;0;0;0;0
0;1561737594393;0;R_Palm;1004;Right;False;0;0;0;0;0;0
0;1561737594393;0;L_Palm;1028;Left;False;0;0;0;0;0;0
0;1561737594404;0;R_Palm;1004;Right;False;0;0;0;0;0;0
0;1561737594404;0;L_Palm;1028;Left;False;0;0;0;0;0;0
0;1561737594415;0;R_Palm;1004;Right;False;0;0;0;0;0;0
0;1561737594415;0;L_Palm;1028;Left;False;0;0;0;0;0;0
0;1561737594427;0;R_Palm;1004;Right;False;0;0;0;0;0;0
0;1561737594427;0;L_Palm;1028;Left;False;0;0;0;0;0;0
0;1561737594438;0;R_Palm;1004;Right;False;0;0;0;0;0;0
0;1561737594438;0;L_Palm;1028;Left;False;0;0;0;0;0;0
0;1561737594449;0;R_Palm;1004;Right;False;0;0;0;0;0;0
0;1561737594449;0;L_Palm;1028;Left;False;0;0;0;0;0;0
0;1561737594460;0;R_Palm;1004;Right;False;0;0;0;0;0;0
0;1561737594460;0;L_Palm;1028;Left;False;0;0;0;0;0;0
0;1561737594471;0;R_Palm;1004;Right;False;0;0;0;0;0;0
0;1561737594471;0;L_Palm;1028;Left;False;0;0;0;0;0;0
0;1561737594482;0;R_Palm;1004;Right;False;0;0;0;0;0;0
0;1561737594482;0;L_Palm;1028;Left;False;0;0;0;0;0;0
0;1561737594494;0;R_Palm;1004;Right;False;0;0;0;0;0;0
0;1561737594494;0;L_Palm;1028;Left;False;0;0;0;0;0;0
0;1561737594505;0;R_Palm;1004;Right;False;0;0;0;0;0;0
0;1561737594505;0;L_Palm;1028;Left;False;0;0;0;0;0;0
0;1561737594516;0;R_Palm;1004;Right;False;0;0;0;0;0;0
0;1561737594516;0;L_Palm;1028;Left;False;0;0;0;0;0;0
0;1561737594527;0;R_Palm;1004;Right;False;0;0;0;0;0;0
0;1561737594527;0;L_Palm;1028;Left;False;0;0;0;0;0;0
0;1561737594538;0;R_Palm;1004;Right;False;0;0;0;0;0;0
0;1561737594538;0;L_Palm;1028;Left;False;0;0;0;0;0;0
0;1561737594550;0;R_Palm;1004;Right;False;0;0;0;0;0;0
0;1561737594550;0;L_Palm;1028;Left;False;0;0;0;0;0;0
0;1561737594561;0;R_Palm;1004;Right;False;0;0;0;0;0;0
0;1561737594561;0;L_Palm;1028;Left;False;0;0;0;0;0;0
0;1561737594572;0;R_Palm;1004;Right;False;0;0;0;0;0;0
0;1561737594572;0;L_Palm;1028;Left;False;0;0;0;0;0;0
0;1561737594583;0;R_Palm;1004;Right;False;0;0;0;0;0;0
0;1561737594583;0;L_Palm;1028;Left;False;0;0;0;0;0;0
0;1561737594595;0;R_Palm;1004;Right;False;0;0;0;0;0;0
0;1561737594595;0;L_Palm;1028;Left;False;0;0;0;0;0;0
0;1561737594606;0;R_Palm;1004;Right;False;0;0;0;0;0;0
0;1561737594606;0;L_Palm;1028;Left;False;0;0;0;0;0;0
0;1561737594616;0;R_Palm;1004;Right;False;0;0;0;0;0;0
0;1561737594616;0;L_Palm;1028;Left;False;0;0;0;0;0;0
0;1561737594630;0;R_Palm;1004;Right;False;0;0;0;0;0;0
0;1561737594630;0;L_Palm;1028;Left;False;0;0;0;0;0;0
0;1561737594639;0;R_Palm;1004;Right;False;0;0;0;0;0;0
0;1561737594639;0;L_Palm;1028;Left;False;0;0;0;0;0;0
0;1561737594650;0;R_Palm;1004;Right;False;0;0;0;0;0;0
0;1561737594651;0;L_Palm;1028;Left;False;0;0;0;0;0;0
0;1561737594662;0;R_Palm;1004;Right;False;0;0;0;0;0;0
0;1561737594662;0;L_Palm;1028;Left;False;0;0;0;0;0;0
0;1561737594672;0;R_Palm;1004;Right;False;0;0;0;0;0;0
0;1561737594672;0;L_Palm;1028;Left;False;0;0;0;0;0;0
0;1561737594684;0;R_Palm;1004;Right;False;0;0;0;0;0;0
0;1561737594684;0;L_Palm;1028;Left;False;0;0;0;0;0;0
0;1561737594695;0;R_Palm;1004;Right;False;0;0;0;0;0;0
0;1561737594695;0;L_Palm;1028;Left;False;0;0;0;0;0;0
0;1561737594709;0;R_Palm;1004;Right;False;0;0;0;0;0;0
0;1561737594709;0;L_Palm;1028;Left;False;0;0;0;0;0;0
0;1561737594717;0;R_Palm;1004;Right;False;0;0;0;0;0;0
0;1561737594717;0;L_Palm;1028;Left;False;0;0;0;0;0;0
0;1561737594729;0;R_Palm;1004;Right;False;0;0;0;0;0;0
0;1561737594729;0;L_Palm;1028;Left;False;0;0;0;0;0;0
0;1561737594740;0;R_Palm;1004;Right;False;0;0;0;0;0;0
0;1561737594740;0;L_Palm;1028;Left;False;0;0;0;0;0;0
0;1561737594751;0;R_Palm;1004;Right;False;0;0;0;0;0;0
0;1561737594752;0;L_Palm;1028;Left;False;0;0;0;0;0;0
0;1561737594762;0;R_Palm;1004;Right;False;0;0;0;0;0;0
0;1561737594762;0;L_Palm;1028;Left;False;0;0;0;0;0;0
0;1561737594773;0;R_Palm;1004;Right;False;0;0;0;0;0;0
0;1561737594773;0;L_Palm;1028;Left;False;0;0;0;0;0;0
0;1561737594784;0;R_Palm;1004;Right;False;0;0;0;0;0;0
0;1561737594784;0;L_Palm;1028;Left;False;0;0;0;0;0;0
0;1561737594795;0;R_Palm;1004;Right;False;0;0;0;0;0;0
0;1561737594795;0;L_Palm;1028;Left;False;0;0;0;0;0;0
0;1561737594806;0;R_Palm;1004;Right;False;0;0;0;0;0;0
0;1561737594806;0;L_Palm;1028;Left;False;0;0;0;0;0;0
0;1561737594817;0;R_Palm;1004;Right;False;0;0;0;0;0;0
0;1561737594817;0;L_Palm;1028;Left;False;0;0;0;0;0;0
0;1561737594829;0;R_Palm;1004;Right;False;0;0;0;0;0;0
0;1561737594829;0;L_Palm;1028;Left;False;0;0;0;0;0;0
0;1561737594840;0;R_Palm;1004;Right;False;0;0;0;0;0;0
0;1561737594840;0;L_Palm;1028;Left;False;0;0;0;0;0;0
0;1561737594851;0;R_Palm;1004;Right;False;0;0;0;0;0;0
0;1561737594851;0;L_Palm;1028;Left;False;0;0;0;0;0;0
0;1561737594862;0;R_Palm;1004;Right;False;0;0;0;0;0;0
0;1561737594863;0;L_Palm;1028;Left;False;0;0;0;0;0;0
0;1561737594874;0;R_Palm;1004;Right;False;0;0;0;0;0;0
0;1561737594874;0;L_Palm;1028;Left;False;0;0;0;0;0;0
0;1561737594887;0;R_Palm;1004;Right;False;0;0;0;0;0;0
0;1561737594887;0;L_Palm;1028;Left;False;0;0;0;0;0;0
0;1561737594896;0;R_Palm;1004;Right;False;0;0;0;0;0;0
0;1561737594896;0;L_Palm;1028;Left;False;0;0;0;0;0;0
0;1561737594907;0;R_Palm;1004;Right;False;0;0;0;0;0;0
0;1561737594908;0;L_Palm;1028;Left;False;0;0;0;0;0;0
0;1561737594920;0;R_Palm;1004;Right;False;0;0;0;0;0;0
0;1561737594920;0;L_Palm;1028;Left;False;0;0;0;0;0;0
0;1561737594930;0;R_Palm;1004;Right;False;0;0;0;0;0;0
0;1561737594930;0;L_Palm;1028;Left;False;0;0;0;0;0;0
0;1561737594941;0;R_Palm;1004;Right;False;0;0;0;0;0;0
0;1561737594941;0;L_Palm;1028;Left;False;0;0;0;0;0;0
0;1561737594951;0;R_Palm;1004;Right;False;0;0;0;0;0;0
0;1561737594952;0;L_Palm;1028;Left;False;0;0;0;0;0;0
0;1561737594963;0;R_Palm;1004;Right;False;0;0;0;0;0;0
0;1561737594963;0;L_Palm;1028;Left;False;0;0;0;0;0;0
0;1561737594974;0;R_Palm;1004;Right;False;0;0;0;0;0;0
0;1561737594974;0;L_Palm;1028;Left;False;0;0;0;0;0;0
0;1561737594985;0;R_Palm;1004;Right;False;0;0;0;0;0;0
0;1561737594985;0;L_Palm;1028;Left;False;0;0;0;0;0;0
0;1561737594996;0;R_Palm;1004;Right;False;0;0;0;0;0;0
0;1561737594997;0;L_Palm;1028;Left;False;0;0;0;0;0;0
0;1561737595007;0;R_Palm;1004;Right;False;0;0;0;0;0;0
0;1561737595007;0;L_Palm;1028;Left;False;0;0;0;0;0;0
0;1561737595018;0;R_Palm;1004;Right;False;0;0;0;0;0;0
0;1561737595018;0;L_Palm;1028;Left;False;0;0;0;0;0;0
0;1561737595030;0;R_Palm;1004;Right;False;0;0;0;0;0;0
0;1561737595030;0;L_Palm;1028;Left;False;0;0;0;0;0;0
0;1561737595041;0;R_Palm;1004;Right;False;0;0;0;0;0;0
0;1561737595041;0;L_Palm;1028;Left;False;0;0;0;0;0;0
0;1561737595053;0;R_Palm;1004;Right;False;0;0;0;0;0;0
0;1561737595053;0;L_Palm;1028;Left;False;0;0;0;0;0;0
0;1561737595064;0;R_Palm;1004;Right;False;0;0;0;0;0;0
0;1561737595064;0;L_Palm;1028;Left;False;0;0;0;0;0;0
0;1561737595074;0;R_Palm;1004;Right;False;0;0;0;0;0;0
0;1561737595074;0;L_Palm;1028;Left;False;0;0;0;0;0;0
0;1561737595086;0;R_Palm;1004;Right;False;0;0;0;0;0;0
0;1561737595086;0;L_Palm;1028;Left;False;0;0;0;0;0;0
0;1561737595097;0;R_Palm;1004;Right;False;0;0;0;0;0;0
0;1561737595097;0;L_Palm;1028;Left;False;0;0;0;0;0;0
0;1561737595108;0;R_Palm;1004;Right;False;0;0;0;0;0;0
0;1561737595108;0;L_Palm;1028;Left;False;0;0;0;0;0;0
0;1561737595119;0;R_Palm;1004;Right;False;0;0;0;0;0;0
0;1561737595119;0;L_Palm;1028;Left;False;0;0;0;0;0;0
0;1561737595131;0;R_Palm;1004;Right;False;0;0;0;0;0;0
0;1561737595131;0;L_Palm;1028;Left;False;0;0;0;0;0;0
0;1561737595142;0;R_Palm;1004;Right;False;0;0;0;0;0;0
0;1561737595142;0;L_Palm;1028;Left;False;0;0;0;0;0;0
0;1561737595153;0;R_Palm;1004;Right;False;0;0;0;0;0;0
0;1561737595153;0;L_Palm;1028;Left;False;0;0;0;0;0;0
0;1561737595163;0;R_Palm;1004;Right;False;0;0;0;0;0;0
0;1561737595164;0;L_Palm;1028;Left;False;0;0;0;0;0;0
0;1561737595174;0;R_Palm;1004;Right;False;0;0;0;0;0;0
0;1561737595175;0;L_Palm;1028;Left;False;0;0;0;0;0;0
0;1561737595186;0;R_Palm;1004;Right;False;0;0;0;0;0;0
0;1561737595186;0;L_Palm;1028;Left;False;0;0;0;0;0;0
0;1561737595197;0;R_Palm;1004;Right;False;0;0;0;0;0;0
0;1561737595197;0;L_Palm;1028;Left;False;0;0;0;0;0;0
0;1561737595208;0;R_Palm;1004;Right;False;0;0;0;0;0;0
0;1561737595209;0;L_Palm;1028;Left;False;0;0;0;0;0;0
0;1561737595219;0;R_Palm;1004;Right;False;0;0;0;0;0;0
0;1561737595219;0;L_Palm;1028;Left;False;0;0;0;0;0;0
0;1561737595231;0;R_Palm;1004;Right;False;0;0;0;0;0;0
0;1561737595231;0;L_Palm;1028;Left;False;0;0;0;0;0;0
0;1561737595242;0;R_Palm;1004;Right;False;0;0;0;0;0;0
0;1561737595242;0;L_Palm;1028;Left;False;0;0;0;0;0;0
0;1561737595253;0;R_Palm;1004;Right;False;0;0;0;0;0;0
0;1561737595254;0;L_Palm;1028;Left;False;0;0;0;0;0;0
0;1561737595265;0;R_Palm;1004;Right;False;0;0;0;0;0;0
0;1561737595265;0;L_Palm;1028;Left;False;0;0;0;0;0;0
0;1561737595276;0;R_Palm;1004;Right;False;0;0;0;0;0;0
0;1561737595276;0;L_Palm;1028;Left;False;0;0;0;0;0;0
0;1561737595287;0;R_Palm;1004;Right;False;0;0;0;0;0;0
0;1561737595287;0;L_Palm;1028;Left;False;0;0;0;0;0;0
0;1561737595298;0;R_Palm;1004;Right;False;0;0;0;0;0;0
0;1561737595298;0;L_Palm;1028;Left;False;0;0;0;0;0;0
0;1561737595309;0;R_Palm;1004;Right;False;0;0;0;0;0;0
0;1561737595309;0;L_Palm;1028;Left;False;0;0;0;0;0;0
0;1561737595320;0;R_Palm;1004;Right;False;0;0;0;0;0;0
0;1561737595320;0;L_Palm;1028;Left;False;0;0;0;0;0;0
0;1561737595332;0;R_Palm;1004;Right;False;0;0;0;0;0;0
0;1561737595332;0;L_Palm;1028;Left;False;0;0;0;0;0;0
0;1561737595343;0;R_Palm;1004;Right;False;0;0;0;0;0;0
0;1561737595343;0;L_Palm;1028;Left;False;0;0;0;0;0;0
0;1561737595353;0;R_Palm;1004;Right;False;0;0;0;0;0;0
0;1561737595354;0;L_Palm;1028;Left;False;0;0;0;0;0;0
0;1561737595365;0;R_Palm;1004;Right;False;0;0;0;0;0;0
0;1561737595365;0;L_Palm;1028;Left;False;0;0;0;0;0;0
0;1561737595376;0;R_Palm;1004;Right;False;0;0;0;0;0;0
0;1561737595376;0;L_Palm;1028;Left;False;0;0;0;0;0;0
0;1561737595387;0;R_Palm;1004;Right;False;0;0;0;0;0;0
0;1561737595387;0;L_Palm;1028;Left;False;0;0;0;0;0;0
0;1561737595398;0;R_Palm;1004;Right;False;0;0;0;0;0;0
0;1561737595398;0;L_Palm;1028;Left;False;0;0;0;0;0;0
0;1561737595409;0;R_Palm;1004;Right;False;0;0;0;0;0;0
0;1561737595410;0;L_Palm;1028;Left;False;0;0;0;0;0;0
0;1561737595420;0;R_Palm;1004;Right;False;0;0;0;0;0;0
0;1561737595420;0;L_Palm;1028;Left;False;0;0;0;0;0;0
0;1561737595432;0;R_Palm;1004;Right;False;0;0;0;0;0;0
0;1561737595432;0;L_Palm;1028;Left;False;0;0;0;0;0;0
0;1561737595443;0;R_Palm;1004;Right;False;0;0;0;0;0;0
0;1561737595444;0;L_Palm;1028;Left;False;0;0;0;0;0;0
0;1561737595454;0;R_Palm;1004;Right;False;0;0;0;0;0;0
0;1561737595455;0;L_Palm;1028;Left;False;0;0;0;0;0;0
0;1561737595465;0;R_Palm;1004;Right;False;0;0;0;0;0;0
0;1561737595466;0;L_Palm;1028;Left;False;0;0;0;0;0;0
0;1561737595476;0;R_Palm;1004;Right;False;0;0;0;0;0;0
0;1561737595477;0;L_Palm;1028;Left;False;0;0;0;0;0;0
0;1561737595488;0;R_Palm;1004;Right;False;0;0;0;0;0;0
0;1561737595488;0;L_Palm;1028;Left;False;0;0;0;0;0;0
0;1561737595499;0;R_Palm;1004;Right;False;0;0;0;0;0;0
0;1561737595499;0;L_Palm;1028;Left;False;0;0;0;0;0;0
0;1561737595511;0;R_Palm;1004;Right;False;0;0;0;0;0;0
0;1561737595511;0;L_Palm;1028;Left;False;0;0;0;0;0;0
0;1561737595522;0;R_Palm;1004;Right;False;0;0;0;0;0;0
0;1561737595522;0;L_Palm;1028;Left;False;0;0;0;0;0;0
0;1561737595532;0;R_Palm;1004;Right;False;0;0;0;0;0;0
0;1561737595532;0;L_Palm;1028;Left;False;0;0;0;0;0;0
0;1561737595543;0;R_Palm;1004;Right;False;0;0;0;0;0;0
0;1561737595544;0;L_Palm;1028;Left;False;0;0;0;0;0;0
0;1561737595554;0;R_Palm;1004;Right;False;0;0;0;0;0;0
0;1561737595555;0;L_Palm;1028;Left;False;0;0;0;0;0;0
0;1561737595566;0;R_Palm;1004;Right;False;0;0;0;0;0;0
0;1561737595566;0;L_Palm;1028;Left;False;0;0;0;0;0;0
0;1561737595577;0;R_Palm;1004;Right;False;0;0;0;0;0;0
0;1561737595577;0;L_Palm;1028;Left;False;0;0;0;0;0;0
0;1561737595588;0;R_Palm;1004;Right;False;0;0;0;0;0;0
0;1561737595588;0;L_Palm;1028;Left;False;0;0;0;0;0;0
0;1561737595599;0;R_Palm;1004;Right;False;0;0;0;0;0;0
0;1561737595600;0;L_Palm;1028;Left;False;0;0;0;0;0;0
0;1561737595611;0;R_Palm;1004;Right;False;0;0;0;0;0;0
0;1561737595611;0;L_Palm;1028;Left;False;0;0;0;0;0;0
0;1561737595622;0;R_Palm;1004;Right;False;0;0;0;0;0;0
0;1561737595622;0;L_Palm;1028;Left;False;0;0;0;0;0;0
0;1561737595633;0;R_Palm;1004;Right;False;0;0;0;0;0;0
0;1561737595633;0;L_Palm;1028;Left;False;0;0;0;0;0;0
0;1561737595644;0;R_Palm;1004;Right;False;0;0;0;0;0;0
0;1561737595645;0;L_Palm;1028;Left;False;0;0;0;0;0;0
0;1561737595655;0;R_Palm;1004;Right;False;0;0;0;0;0;0
0;1561737595656;0;L_Palm;1028;Left;False;0;0;0;0;0;0
0;1561737595667;0;R_Palm;1004;Right;False;0;0;0;0;0;0
0;1561737595667;0;L_Palm;1028;Left;False;0;0;0;0;0;0
0;1561737595678;0;R_Palm;1004;Right;False;0;0;0;0;0;0
0;1561737595678;0;L_Palm;1028;Left;False;0;0;0;0;0;0
0;1561737595689;0;R_Palm;1004;Right;False;0;0;0;0;0;0
0;1561737595689;0;L_Palm;1028;Left;False;0;0;0;0;0;0
0;1561737595700;0;R_Palm;1004;Right;False;0;0;0;0;0;0
0;1561737595700;0;L_Palm;1028;Left;False;0;0;0;0;0;0
0;1561737595711;0;R_Palm;1004;Right;False;0;0;0;0;0;0
0;1561737595711;0;L_Palm;1028;Left;False;0;0;0;0;0;0
0;1561737595723;0;R_Palm;1004;Right;False;0;0;0;0;0;0
0;1561737595723;0;L_Palm;1028;Left;False;0;0;0;0;0;0
0;1561737595733;0;R_Palm;1004;Right;False;0;0;0;0;0;0
0;1561737595733;0;L_Palm;1028;Left;False;0;0;0;0;0;0
0;1561737595745;0;R_Palm;1004;Right;False;0;0;0;0;0;0
0;1561737595745;0;L_Palm;1028;Left;False;0;0;0;0;0;0
0;1561737595756;0;R_Palm;1004;Right;False;0;0;0;0;0;0
0;1561737595756;0;L_Palm;1028;Left;False;0;0;0;0;0;0
0;1561737595767;0;R_Palm;1004;Right;False;0;0;0;0;0;0
0;1561737595767;0;L_Palm;1028;Left;False;0;0;0;0;0;0
0;1561737595778;0;R_Palm;1004;Right;False;0;0;0;0;0;0
0;1561737595778;0;L_Palm;1028;Left;False;0;0;0;0;0;0
0;1561737595789;0;R_Palm;1004;Right;False;0;0;0;0;0;0
0;1561737595789;0;L_Palm;1028;Left;False;0;0;0;0;0;0
0;1561737595800;0;R_Palm;1004;Right;False;0;0;0;0;0;0
0;1561737595801;0;L_Palm;1028;Left;False;0;0;0;0;0;0
0;1561737595812;0;R_Palm;1004;Right;False;0;0;0;0;0;0
0;1561737595812;0;L_Palm;1028;Left;False;0;0;0;0;0;0
0;1561737595823;0;R_Palm;1004;Right;False;0;0;0;0;0;0
0;1561737595823;0;L_Palm;1028;Left;False;0;0;0;0;0;0
0;1561737595834;0;R_Palm;1004;Right;False;0;0;0;0;0;0
0;1561737595834;0;L_Palm;1028;Left;False;0;0;0;0;0;0
0;1561737595846;0;R_Palm;1004;Right;False;0;0;0;0;0;0
0;1561737595846;0;L_Palm;1028;Left;False;0;0;0;0;0;0
0;1561737595856;0;R_Palm;1004;Right;False;0;0;0;0;0;0
0;1561737595856;0;L_Palm;1028;Left;False;0;0;0;0;0;0
0;1561737595868;0;R_Palm;1004;Right;False;0;0;0;0;0;0
0;1561737595868;0;L_Palm;1028;Left;False;0;0;0;0;0;0
0;1561737595878;0;R_Palm;1004;Right;False;0;0;0;0;0;0
0;1561737595879;0;L_Palm;1028;Left;False;0;0;0;0;0;0
0;1561737595890;0;R_Palm;1004;Right;False;0;0;0;0;0;0
0;1561737595890;0;L_Palm;1028;Left;False;0;0;0;0;0;0
0;1561737595902;0;R_Palm;1004;Right;False;0;0;0;0;0;0
0;1561737595902;0;L_Palm;1028;Left;False;0;0;0;0;0;0
0;1561737595912;0;R_Palm;1004;Right;False;0;0;0;0;0;0
0;1561737595912;0;L_Palm;1028;Left;False;0;0;0;0;0;0
0;1561737595923;0;R_Palm;1004;Right;False;0;0;0;0;0;0
0;1561737595923;0;L_Palm;1028;Left;False;0;0;0;0;0;0
0;1561737595934;0;R_Palm;1004;Right;False;0;0;0;0;0;0
0;1561737595934;0;L_Palm;1028;Left;False;0;0;0;0;0;0
0;1561737595946;0;R_Palm;1004;Right;False;0;0;0;0;0;0
0;1561737595946;0;L_Palm;1028;Left;False;0;0;0;0;0;0
0;1561737595957;0;R_Palm;1004;Right;False;0;0;0;0;0;0
0;1561737595957;0;L_Palm;1028;Left;False;0;0;0;0;0;0
0;1561737595968;0;R_Palm;1004;Right;False;0;0;0;0;0;0
0;1561737595968;0;L_Palm;1028;Left;False;0;0;0;0;0;0
0;1561737595979;0;R_Palm;1004;Right;False;0;0;0;0;0;0
0;1561737595979;0;L_Palm;1028;Left;False;0;0;0;0;0;0
0;1561737595991;0;R_Palm;1004;Right;False;0;0;0;0;0;0
0;1561737595991;0;L_Palm;1028;Left;False;0;0;0;0;0;0
0;1561737596002;0;R_Palm;1004;Right;False;0;0;0;0;0;0
0;1561737596002;0;L_Palm;1028;Left;False;0;0;0;0;0;0
0;1561737596013;0;R_Palm;1004;Right;False;0;0;0;0;0;0
0;1561737596013;0;L_Palm;1028;Left;False;0;0;0;0;0;0
0;1561737596024;0;R_Palm;1004;Right;False;0;0;0;0;0;0
0;1561737596024;0;L_Palm;1028;Left;False;0;0;0;0;0;0
0;1561737596035;0;R_Palm;1004;Right;False;0;0;0;0;0;0
0;1561737596035;0;L_Palm;1028;Left;False;0;0;0;0;0;0
0;1561737596046;0;R_Palm;1004;Right;False;0;0;0;0;0;0
0;1561737596046;0;L_Palm;1028;Left;False;0;0;0;0;0;0
0;1561737596057;0;R_Palm;1004;Right;False;0;0;0;0;0;0
0;1561737596057;0;L_Palm;1028;Left;False;0;0;0;0;0;0
0;1561737596069;0;R_Palm;1004;Right;False;0;0;0;0;0;0
0;1561737596069;0;L_Palm;1028;Left;False;0;0;0;0;0;0
0;1561737596079;0;R_Palm;1004;Right;False;0;0;0;0;0;0
0;1561737596079;0;L_Palm;1028;Left;False;0;0;0;0;0;0
0;1561737596091;0;R_Palm;1004;Right;False;0;0;0;0;0;0
0;1561737596091;0;L_Palm;1028;Left;False;0;0;0;0;0;0
0;1561737596102;0;R_Palm;1004;Right;False;0;0;0;0;0;0
0;1561737596102;0;L_Palm;1028;Left;False;0;0;0;0;0;0
0;1561737596113;0;R_Palm;1004;Right;False;0;0;0;0;0;0
0;1561737596113;0;L_Palm;1028;Left;False;0;0;0;0;0;0
0;1561737596126;0;R_Palm;1004;Right;False;0;0;0;0;0;0
0;1561737596126;0;L_Palm;1028;Left;False;0;0;0;0;0;0
0;1561737596135;0;R_Palm;1004;Right;False;0;0;0;0;0;0
0;1561737596135;0;L_Palm;1028;Left;False;0;0;0;0;0;0
0;1561737596147;0;R_Palm;1004;Right;False;0;0;0;0;0;0
0;1561737596147;0;L_Palm;1028;Left;False;0;0;0;0;0;0
0;1561737596158;0;R_Palm;1004;Right;False;0;0;0;0;0;0
0;1561737596158;0;L_Palm;1028;Left;False;0;0;0;0;0;0
0;1561737596169;0;R_Palm;1004;Right;False;0;0;0;0;0;0
0;1561737596169;0;L_Palm;1028;Left;False;0;0;0;0;0;0
0;1561737596180;0;R_Palm;1004;Right;False;0;0;0;0;0;0
0;1561737596181;0;L_Palm;1028;Left;False;0;0;0;0;0;0
0;1561737596192;0;R_Palm;1004;Right;False;0;0;0;0;0;0
0;1561737596192;0;L_Palm;1028;Left;False;0;0;0;0;0;0
0;1561737596203;0;R_Palm;1004;Right;False;0;0;0;0;0;0
0;1561737596203;0;L_Palm;1028;Left;False;0;0;0;0;0;0
0;1561737596214;0;R_Palm;1004;Right;False;0;0;0;0;0;0
0;1561737596214;0;L_Palm;1028;Left;False;0;0;0;0;0;0
0;1561737596225;0;R_Palm;1004;Right;False;0;0;0;0;0;0
0;1561737596225;0;L_Palm;1028;Left;False;0;0;0;0;0;0
0;1561737596236;0;R_Palm;1004;Right;False;0;0;0;0;0;0
0;1561737596236;0;L_Palm;1028;Left;False;0;0;0;0;0;0
0;1561737596247;0;R_Palm;1004;Right;False;0;0;0;0;0;0
0;1561737596248;0;L_Palm;1028;Left;False;0;0;0;0;0;0
0;1561737596258;0;R_Palm;1004;Right;False;0;0;0;0;0;0
0;1561737596259;0;L_Palm;1028;Left;False;0;0;0;0;0;0
0;1561737596270;0;R_Palm;1004;Right;False;0;0;0;0;0;0
0;1561737596270;0;L_Palm;1028;Left;False;0;0;0;0;0;0
0;1561737596280;0;R_Palm;1004;Right;False;0;0;0;0;0;0
0;1561737596281;0;L_Palm;1028;Left;False;0;0;0;0;0;0
0;1561737596292;0;R_Palm;1004;Right;False;0;0;0;0;0;0
0;1561737596292;0;L_Palm;1028;Left;False;0;0;0;0;0;0
0;1561737596303;0;R_Palm;1004;Right;False;0;0;0;0;0;0
0;1561737596303;0;L_Palm;1028;Left;False;0;0;0;0;0;0
0;1561737596314;0;R_Palm;1004;Right;False;0;0;0;0;0;0
0;1561737596315;0;L_Palm;1028;Left;False;0;0;0;0;0;0
0;1561737596326;0;R_Palm;1004;Right;False;0;0;0;0;0;0
0;1561737596326;0;L_Palm;1028;Left;False;0;0;0;0;0;0
0;1561737596337;0;R_Palm;1004;Right;False;0;0;0;0;0;0
0;1561737596337;0;L_Palm;1028;Left;False;0;0;0;0;0;0
0;1561737596348;0;R_Palm;1004;Right;False;0;0;0;0;0;0
0;1561737596348;0;L_Palm;1028;Left;False;0;0;0;0;0;0
0;1561737596359;0;R_Palm;1004;Right;False;0;0;0;0;0;0
0;1561737596359;0;L_Palm;1028;Left;False;0;0;0;0;0;0
0;1561737596370;0;R_Palm;1004;Right;False;0;0;0;0;0;0
0;1561737596370;0;L_Palm;1028;Left;False;0;0;0;0;0;0
0;1561737596383;0;R_Palm;1004;Right;False;0;0;0;0;0;0
0;1561737596383;0;L_Palm;1028;Left;False;0;0;0;0;0;0
0;1561737596393;0;R_Palm;1004;Right;False;0;0;0;0;0;0
0;1561737596393;0;L_Palm;1028;Left;False;0;0;0;0;0;0
0;1561737596404;0;R_Palm;1004;Right;False;0;0;0;0;0;0
0;1561737596404;0;L_Palm;1028;Left;False;0;0;0;0;0;0
0;1561737596414;0;R_Palm;1004;Right;False;0;0;0;0;0;0
0;1561737596415;0;L_Palm;1028;Left;False;0;0;0;0;0;0
0;1561737596426;0;R_Palm;1004;Right;False;0;0;0;0;0;0
0;1561737596426;0;L_Palm;1028;Left;False;0;0;0;0;0;0
0;1561737596437;0;R_Palm;1004;Right;False;0;0;0;0;0;0
0;1561737596437;0;L_Palm;1028;Left;False;0;0;0;0;0;0
0;1561737596448;0;R_Palm;1004;Right;False;0;0;0;0;0;0
0;1561737596449;0;L_Palm;1028;Left;False;0;0;0;0;0;0
0;1561737596459;0;R_Palm;1004;Right;False;0;0;0;0;0;0
0;1561737596459;0;L_Palm;1028;Left;False;0;0;0;0;0;0
0;1561737596470;0;R_Palm;1004;Right;False;0;0;0;0;0;0
0;1561737596470;0;L_Palm;1028;Left;False;0;0;0;0;0;0
0;1561737596482;0;R_Palm;1004;Right;False;0;0;0;0;0;0
0;1561737596482;0;L_Palm;1028;Left;False;0;0;0;0;0;0
0;1561737596492;0;R_Palm;1004;Right;False;0;0;0;0;0;0
0;1561737596492;0;L_Palm;1028;Left;False;0;0;0;0;0;0
0;1561737596504;0;R_Palm;1004;Right;False;0;0;0;0;0;0
0;1561737596505;0;L_Palm;1028;Left;False;0;0;0;0;0;0
0;1561737596515;0;R_Palm;1004;Right;False;0;0;0;0;0;0
0;1561737596516;0;L_Palm;1028;Left;False;0;0;0;0;0;0
0;1561737596527;0;R_Palm;1004;Right;False;0;0;0;0;0;0
0;1561737596528;0;L_Palm;1028;Left;False;0;0;0;0;0;0
0;1561737596537;0;R_Palm;1004;Right;False;0;0;0;0;0;0
0;1561737596537;0;L_Palm;1028;Left;False;0;0;0;0;0;0
0;1561737596549;0;R_Palm;1004;Right;False;0;0;0;0;0;0
0;1561737596549;0;L_Palm;1028;Left;False;0;0;0;0;0;0
0;1561737596560;0;R_Palm;1004;Right;False;0;0;0;0;0;0
0;1561737596560;0;L_Palm;1028;Left;False;0;0;0;0;0;0
0;1561737596574;0;R_Palm;1004;Right;False;0;0;0;0;0;0
0;1561737596582;0;L_Palm;1028;Left;False;0;0;0;0;0;0
0;1561737596589;0;R_Palm;1004;Right;False;0;0;0;0;0;0
0;1561737596589;0;L_Palm;1028;Left;False;0;0;0;0;0;0
0;1561737596596;0;R_Palm;1004;Right;False;0;0;0;0;0;0
0;1561737596596;0;L_Palm;1028;Left;False;0;0;0;0;0;0
0;1561737596602;0;R_Palm;1004;Right;False;0;0;0;0;0;0
0;1561737596602;0;L_Palm;1028;Left;False;0;0;0;0;0;0
0;1561737596614;0;R_Palm;1004;Right;False;0;0;0;0;0;0
0;1561737596614;0;L_Palm;1028;Left;False;0;0;0;0;0;0
0;1561737596625;0;R_Palm;1004;Right;False;0;0;0;0;0;0
0;1561737596625;0;L_Palm;1028;Left;False;0;0;0;0;0;0
0;1561737596635;0;R_Palm;1004;Right;False;0;0;0;0;0;0
0;1561737596636;0;L_Palm;1028;Left;False;0;0;0;0;0;0
0;1561737596647;0;R_Palm;1004;Right;False;0;0;0;0;0;0
0;1561737596647;0;L_Palm;1028;Left;False;0;0;0;0;0;0
0;1561737596658;0;R_Palm;1004;Right;False;0;0;0;0;0;0
0;1561737596658;0;L_Palm;1028;Left;False;0;0;0;0;0;0
0;1561737596669;0;R_Palm;1004;Right;False;0;0;0;0;0;0
0;1561737596669;0;L_Palm;1028;Left;False;0;0;0;0;0;0
0;1561737596682;0;R_Palm;1004;Right;False;0;0;0;0;0;0
0;1561737596682;0;L_Palm;1028;Left;False;0;0;0;0;0;0
0;1561737596692;0;R_Palm;1004;Right;False;0;0;0;0;0;0
0;1561737596692;0;L_Palm;1028;Left;False;0;0;0;0;0;0
0;1561737596703;0;R_Palm;1004;Right;False;0;0;0;0;0;0
0;1561737596703;0;L_Palm;1028;Left;False;0;0;0;0;0;0
0;1561737596714;0;R_Palm;1004;Right;False;0;0;0;0;0;0
0;1561737596714;0;L_Palm;1028;Left;False;0;0;0;0;0;0
0;1561737596725;0;R_Palm;1004;Right;False;0;0;0;0;0;0
0;1561737596726;0;L_Palm;1028;Left;False;0;0;0;0;0;0
0;1561737596736;0;R_Palm;1004;Right;False;0;0;0;0;0;0
0;1561737596737;0;L_Palm;1028;Left;False;0;0;0;0;0;0
0;1561737596748;0;R_Palm;1004;Right;False;0;0;0;0;0;0
0;1561737596748;0;L_Palm;1028;Left;False;0;0;0;0;0;0
0;1561737596759;0;R_Palm;1004;Right;False;0;0;0;0;0;0
0;1561737596759;0;L_Palm;1028;Left;False;0;0;0;0;0;0
0;1561737596772;0;R_Palm;1004;Right;False;0;0;0;0;0;0
0;1561737596772;0;L_Palm;1028;Left;False;0;0;0;0;0;0
0;1561737596781;0;R_Palm;1004;Right;False;0;0;0;0;0;0
0;1561737596781;0;L_Palm;1028;Left;False;0;0;0;0;0;0
0;1561737596792;0;R_Palm;1004;Right;False;0;0;0;0;0;0
0;1561737596793;0;L_Palm;1028;Left;False;0;0;0;0;0;0
0;1561737596805;0;R_Palm;1004;Right;False;0;0;0;0;0;0
0;1561737596805;0;L_Palm;1028;Left;False;0;0;0;0;0;0
0;1561737596816;0;R_Palm;1004;Right;False;0;0;0;0;0;0
0;1561737596816;0;L_Palm;1028;Left;False;0;0;0;0;0;0
0;1561737596826;0;R_Palm;1004;Right;False;0;0;0;0;0;0
0;1561737596826;0;L_Palm;1028;Left;False;0;0;0;0;0;0
0;1561737596837;0;R_Palm;1004;Right;False;0;0;0;0;0;0
0;1561737596837;0;L_Palm;1028;Left;False;0;0;0;0;0;0
0;1561737596849;0;R_Palm;1004;Right;False;0;0;0;0;0;0
0;1561737596849;0;L_Palm;1028;Left;False;0;0;0;0;0;0
0;1561737596859;0;R_Palm;1004;Right;False;0;0;0;0;0;0
0;1561737596860;0;L_Palm;1028;Left;False;0;0;0;0;0;0
0;1561737596871;0;R_Palm;1004;Right;False;0;0;0;0;0;0
0;1561737596871;0;L_Palm;1028;Left;False;0;0;0;0;0;0
0;1561737596882;0;R_Palm;1004;Right;False;0;0;0;0;0;0
0;1561737596882;0;L_Palm;1028;Left;False;0;0;0;0;0;0
0;1561737596893;0;R_Palm;1004;Right;False;0;0;0;0;0;0
0;1561737596894;0;L_Palm;1028;Left;False;0;0;0;0;0;0
0;1561737596905;0;R_Palm;1004;Right;False;0;0;0;0;0;0
0;1561737596905;0;L_Palm;1028;Left;False;0;0;0;0;0;0
0;1561737596915;0;R_Palm;1004;Right;False;0;0;0;0;0;0
0;1561737596916;0;L_Palm;1028;Left;False;0;0;0;0;0;0
0;1561737596927;0;R_Palm;1004;Right;False;0;0;0;0;0;0
0;1561737596927;0;L_Palm;1028;Left;False;0;0;0;0;0;0
0;1561737596938;0;R_Palm;1004;Right;False;0;0;0;0;0;0
0;1561737596938;0;L_Palm;1028;Left;False;0;0;0;0;0;0
0;1561737596949;0;R_Palm;1004;Right;False;0;0;0;0;0;0
0;1561737596949;0;L_Palm;1028;Left;False;0;0;0;0;0;0
0;1561737596957;0;R_Palm;1004;Right;False;0;0;0;0;0;0
0;1561737596958;0;L_Palm;1028;Left;False;0;0;0;0;0;0
0;1561737596969;0;R_Palm;1004;Right;False;0;0;0;0;0;0
0;1561737596969;0;L_Palm;1028;Left;False;0;0;0;0;0;0
0;1561737596979;0;R_Palm;1004;Right;False;0;0;0;0;0;0
0;1561737596980;0;L_Palm;1028;Left;False;0;0;0;0;0;0
0;1561737596991;0;R_Palm;1004;Right;False;0;0;0;0;0;0
0;1561737596991;0;L_Palm;1028;Left;False;0;0;0;0;0;0
0;1561737597003;0;R_Palm;1004;Right;False;0;0;0;0;0;0
0;1561737597003;0;L_Palm;1028;Left;False;0;0;0;0;0;0
0;1561737597013;0;R_Palm;1004;Right;False;0;0;0;0;0;0
0;1561737597013;0;L_Palm;1028;Left;False;0;0;0;0;0;0
0;1561737597025;0;R_Palm;1004;Right;False;0;0;0;0;0;0
0;1561737597025;0;L_Palm;1028;Left;False;0;0;0;0;0;0
0;1561737597037;0;R_Palm;1004;Right;False;0;0;0;0;0;0
0;1561737597038;0;L_Palm;1028;Left;False;0;0;0;0;0;0
0;1561737597048;0;R_Palm;1004;Right;False;0;0;0;0;0;0
0;1561737597048;0;L_Palm;1028;Left;False;0;0;0;0;0;0
0;1561737597058;0;R_Palm;1004;Right;False;0;0;0;0;0;0
0;1561737597058;0;L_Palm;1028;Left;False;0;0;0;0;0;0
0;1561737597069;0;R_Palm;1004;Right;False;0;0;0;0;0;0
0;1561737597069;0;L_Palm;1028;Left;False;0;0;0;0;0;0
0;1561737597082;0;R_Palm;1004;Right;False;0;0;0;0;0;0
0;1561737597082;0;L_Palm;1028;Left;False;0;0;0;0;0;0
0;1561737597092;0;R_Palm;1004;Right;False;0;0;0;0;0;0
0;1561737597092;0;L_Palm;1028;Left;False;0;0;0;0;0;0
0;1561737597102;0;R_Palm;1004;Right;False;0;0;0;0;0;0
0;1561737597103;0;L_Palm;1028;Left;False;0;0;0;0;0;0
0;1561737597113;0;R_Palm;1004;Right;False;0;0;0;0;0;0
0;1561737597114;0;L_Palm;1028;Left;False;0;0;0;0;0;0
0;1561737597125;0;R_Palm;1004;Right;False;0;0;0;0;0;0
0;1561737597125;0;L_Palm;1028;Left;False;0;0;0;0;0;0
0;1561737597136;0;R_Palm;1004;Right;False;0;0;0;0;0;0
0;1561737597136;0;L_Palm;1028;Left;False;0;0;0;0;0;0
0;1561737597147;0;R_Palm;1004;Right;False;0;0;0;0;0;0
0;1561737597147;0;L_Palm;1028;Left;False;0;0;0;0;0;0
0;1561737597159;0;R_Palm;1004;Right;False;0;0;0;0;0;0
0;1561737597159;0;L_Palm;1028;Left;False;0;0;0;0;0;0
0;1561737597169;0;R_Palm;1004;Right;False;0;0;0;0;0;0
0;1561737597169;0;L_Palm;1028;Left;False;0;0;0;0;0;0
0;1561737597181;0;R_Palm;1004;Right;False;0;0;0;0;0;0
0;1561737597181;0;L_Palm;1028;Left;False;0;0;0;0;0;0
0;1561737597192;0;R_Palm;1004;Right;False;0;0;0;0;0;0
0;1561737597192;0;L_Palm;1028;Left;False;0;0;0;0;0;0
0;1561737597204;0;R_Palm;1004;Right;False;0;0;0;0;0;0
0;1561737597204;0;L_Palm;1028;Left;False;0;0;0;0;0;0
0;1561737597215;0;R_Palm;1004;Right;False;0;0;0;0;0;0
0;1561737597215;0;L_Palm;1028;Left;False;0;0;0;0;0;0
0;1561737597226;0;R_Palm;1004;Right;False;0;0;0;0;0;0
0;1561737597226;0;L_Palm;1028;Left;False;0;0;0;0;0;0
0;1561737597237;0;R_Palm;1004;Right;False;0;0;0;0;0;0
0;1561737597237;0;L_Palm;1028;Left;False;0;0;0;0;0;0
0;1561737597248;0;R_Palm;1004;Right;False;0;0;0;0;0;0
0;1561737597248;0;L_Palm;1028;Left;False;0;0;0;0;0;0
0;1561737597259;0;R_Palm;1004;Right;False;0;0;0;0;0;0
0;1561737597259;0;L_Palm;1028;Left;False;0;0;0;0;0;0
0;1561737597270;0;R_Palm;1004;Right;False;0;0;0;0;0;0
0;1561737597270;0;L_Palm;1028;Left;False;0;0;0;0;0;0
0;1561737597281;0;R_Palm;1004;Right;False;0;0;0;0;0;0
0;1561737597281;0;L_Palm;1028;Left;False;0;0;0;0;0;0
0;1561737597292;0;R_Palm;1004;Right;False;0;0;0;0;0;0
0;1561737597292;0;L_Palm;1028;Left;False;0;0;0;0;0;0
0;1561737597303;0;R_Palm;1004;Right;False;0;0;0;0;0;0
0;1561737597304;0;L_Palm;1028;Left;False;0;0;0;0;0;0
0;1561737597314;0;R_Palm;1004;Right;False;0;0;0;0;0;0
0;1561737597315;0;L_Palm;1028;Left;False;0;0;0;0;0;0
0;1561737597326;0;R_Palm;1004;Right;False;0;0;0;0;0;0
0;1561737597326;0;L_Palm;1028;Left;False;0;0;0;0;0;0
0;1561737597337;0;R_Palm;1004;Right;False;0;0;0;0;0;0
0;1561737597337;0;L_Palm;1028;Left;False;0;0;0;0;0;0
0;1561737597349;0;R_Palm;1004;Right;False;0;0;0;0;0;0
0;1561737597349;0;L_Palm;1028;Left;False;0;0;0;0;0;0
0;1561737597360;0;R_Palm;1004;Right;False;0;0;0;0;0;0
0;1561737597360;0;L_Palm;1028;Left;False;0;0;0;0;0;0
0;1561737597371;0;R_Palm;1004;Right;False;0;0;0;0;0;0
0;1561737597371;0;L_Palm;1028;Left;False;0;0;0;0;0;0
0;1561737597383;0;R_Palm;1004;Right;False;0;0;0;0;0;0
0;1561737597383;0;L_Palm;1028;Left;False;0;0;0;0;0;0
0;1561737597395;0;R_Palm;1004;Right;False;0;0;0;0;0;0
0;1561737597395;0;L_Palm;1028;Left;False;0;0;0;0;0;0
0;1561737597407;0;R_Palm;1004;Right;False;0;0;0;0;0;0
0;1561737597407;0;L_Palm;1028;Left;False;0;0;0;0;0;0
0;1561737597418;0;R_Palm;1004;Right;False;0;0;0;0;0;0
0;1561737597418;0;L_Palm;1028;Left;False;0;0;0;0;0;0
0;1561737597430;0;R_Palm;1004;Right;False;0;0;0;0;0;0
0;1561737597430;0;L_Palm;1028;Left;False;0;0;0;0;0;0
0;1561737597440;0;R_Palm;1004;Right;False;0;0;0;0;0;0
0;1561737597441;0;L_Palm;1028;Left;False;0;0;0;0;0;0
0;1561737597452;0;R_Palm;1004;Right;False;0;0;0;0;0;0
0;1561737597452;0;L_Palm;1028;Left;False;0;0;0;0;0;0
0;1561737597463;0;R_Palm;1004;Right;False;0;0;0;0;0;0
0;1561737597464;0;L_Palm;1028;Left;False;0;0;0;0;0;0
0;1561737597475;0;R_Palm;1004;Right;False;0;0;0;0;0;0
0;1561737597475;0;L_Palm;1028;Left;False;0;0;0;0;0;0
0;1561737597485;0;R_Palm;1004;Right;False;0;0;0;0;0;0
0;1561737597486;0;L_Palm;1028;Left;False;0;0;0;0;0;0
0;1561737597497;0;R_Palm;1004;Right;False;0;0;0;0;0;0
0;1561737597497;0;L_Palm;1028;Left;False;0;0;0;0;0;0
0;1561737597508;0;R_Palm;1004;Right;False;0;0;0;0;0;0
0;1561737597509;0;L_Palm;1028;Left;False;0;0;0;0;0;0
0;1561737597520;0;R_Palm;1004;Right;False;0;0;0;0;0;0
0;1561737597520;0;L_Palm;1028;Left;False;0;0;0;0;0;0
0;1561737597531;0;R_Palm;1004;Right;False;0;0;0;0;0;0
0;1561737597532;0;L_Palm;1028;Left;False;0;0;0;0;0;0
0;1561737597543;0;R_Palm;1004;Right;False;0;0;0;0;0;0
0;1561737597543;0;L_Palm;1028;Left;False;0;0;0;0;0;0
0;1561737597554;0;R_Palm;1004;Right;False;0;0;0;0;0;0
0;1561737597554;0;L_Palm;1028;Left;False;0;0;0;0;0;0
0;1561737597565;0;R_Palm;1004;Right;False;0;0;0;0;0;0
0;1561737597565;0;L_Palm;1028;Left;False;0;0;0;0;0;0
0;1561737597576;0;R_Palm;1004;Right;False;0;0;0;0;0;0
0;1561737597577;0;L_Palm;1028;Left;False;0;0;0;0;0;0
0;1561737597588;0;R_Palm;1004;Right;False;0;0;0;0;0;0
0;1561737597588;0;L_Palm;1028;Left;False;0;0;0;0;0;0
0;1561737597603;0;R_Palm;1004;Right;False;0;0;0;0;0;0
0;1561737597603;0;L_Palm;1028;Left;False;0;0;0;0;0;0
0;1561737597612;0;R_Palm;1004;Right;False;0;0;0;0;0;0
0;1561737597612;0;L_Palm;1028;Left;False;0;0;0;0;0;0
0;1561737597621;0;R_Palm;1004;Right;False;0;0;0;0;0;0
0;1561737597621;0;L_Palm;1028;Left;False;0;0;0;0;0;0
0;1561737597632;0;R_Palm;1004;Right;False;0;0;0;0;0;0
0;1561737597633;0;L_Palm;1028;Left;False;0;0;0;0;0;0
0;1561737597644;0;R_Palm;1004;Right;False;0;0;0;0;0;0
0;1561737597645;0;L_Palm;1028;Left;False;0;0;0;0;0;0
0;1561737597655;0;R_Palm;1004;Right;False;0;0;0;0;0;0
0;1561737597655;0;L_Palm;1028;Left;False;0;0;0;0;0;0
0;1561737597667;0;R_Palm;1004;Right;False;0;0;0;0;0;0
0;1561737597667;0;L_Palm;1028;Left;False;0;0;0;0;0;0
0;1561737597677;0;R_Palm;1004;Right;False;0;0;0;0;0;0
0;1561737597677;0;L_Palm;1028;Left;False;0;0;0;0;0;0
0;1561737597690;0;R_Palm;1004;Right;False;0;0;0;0;0;0
0;1561737597690;0;L_Palm;1028;Left;False;0;0;0;0;0;0
0;1561737597699;0;R_Palm;1004;Right;False;0;0;0;0;0;0
0;1561737597699;0;L_Palm;1028;Left;False;0;0;0;0;0;0
0;1561737597711;0;R_Palm;1004;Right;False;0;0;0;0;0;0
0;1561737597711;0;L_Palm;1028;Left;False;0;0;0;0;0;0
0;1561737597722;0;R_Palm;1004;Right;False;0;0;0;0;0;0
0;1561737597722;0;L_Palm;1028;Left;False;0;0;0;0;0;0
0;1561737597733;0;R_Palm;1004;Right;False;0;0;0;0;0;0
0;1561737597733;0;L_Palm;1028;Left;False;0;0;0;0;0;0
0;1561737597744;0;R_Palm;1004;Right;False;0;0;0;0;0;0
0;1561737597744;0;L_Palm;1028;Left;False;0;0;0;0;0;0
0;1561737597755;0;R_Palm;1004;Right;False;0;0;0;0;0;0
0;1561737597755;0;L_Palm;1028;Left;False;0;0;0;0;0;0
0;1561737597767;0;R_Palm;1004;Right;False;0;0;0;0;0;0
0;1561737597767;0;L_Palm;1028;Left;False;0;0;0;0;0;0
0;1561737597779;0;R_Palm;1004;Right;False;0;0;0;0;0;0
0;1561737597779;0;L_Palm;1028;Left;False;0;0;0;0;0;0
0;1561737597789;0;R_Palm;1004;Right;False;0;0;0;0;0;0
0;1561737597789;0;L_Palm;1028;Left;False;0;0;0;0;0;0
0;1561737597800;0;R_Palm;1004;Right;False;0;0;0;0;0;0
0;1561737597801;0;L_Palm;1028;Left;False;0;0;0;0;0;0
0;1561737597811;0;R_Palm;1004;Right;False;0;0;0;0;0;0
0;1561737597812;0;L_Palm;1028;Left;False;0;0;0;0;0;0
0;1561737597823;0;R_Palm;1004;Right;False;0;0;0;0;0;0
0;1561737597823;0;L_Palm;1028;Left;False;0;0;0;0;0;0
0;1561737597833;0;R_Palm;1004;Right;False;0;0;0;0;0;0
0;1561737597833;0;L_Palm;1028;Left;False;0;0;0;0;0;0
0;1561737597845;0;R_Palm;1004;Right;False;0;0;0;0;0;0
0;1561737597845;0;L_Palm;1028;Left;False;0;0;0;0;0;0
0;1561737597856;0;R_Palm;1004;Right;False;0;0;0;0;0;0
0;1561737597856;0;L_Palm;1028;Left;False;0;0;0;0;0;0
0;1561737597867;0;R_Palm;1004;Right;False;0;0;0;0;0;0
0;1561737597868;0;L_Palm;1028;Left;False;0;0;0;0;0;0
0;1561737597878;0;R_Palm;1004;Right;False;0;0;0;0;0;0
0;1561737597878;0;L_Palm;1028;Left;False;0;0;0;0;0;0
0;1561737597890;0;R_Palm;1004;Right;False;0;0;0;0;0;0
0;1561737597890;0;L_Palm;1028;Left;False;0;0;0;0;0;0
0;1561737597901;0;R_Palm;1004;Right;False;0;0;0;0;0;0
0;1561737597901;0;L_Palm;1028;Left;False;0;0;0;0;0;0
0;1561737597912;0;R_Palm;1004;Right;False;0;0;0;0;0;0
0;1561737597912;0;L_Palm;1028;Left;False;0;0;0;0;0;0
0;1561737597923;0;R_Palm;1004;Right;False;0;0;0;0;0;0
0;1561737597923;0;L_Palm;1028;Left;False;0;0;0;0;0;0
0;1561737597934;0;R_Palm;1004;Right;False;0;0;0;0;0;0
0;1561737597934;0;L_Palm;1028;Left;False;0;0;0;0;0;0
0;1561737597945;0;R_Palm;1004;Right;False;0;0;0;0;0;0
0;1561737597945;0;L_Palm;1028;Left;False;0;0;0;0;0;0
0;1561737597956;0;R_Palm;1004;Right;False;0;0;0;0;0;0
0;1561737597957;0;L_Palm;1028;Left;False;0;0;0;0;0;0
0;1561737597968;0;R_Palm;1004;Right;False;0;0;0;0;0;0
0;1561737597968;0;L_Palm;1028;Left;False;0;0;0;0;0;0
0;1561737597979;0;R_Palm;1004;Right;False;0;0;0;0;0;0
0;1561737597979;0;L_Palm;1028;Left;False;0;0;0;0;0;0
0;1561737597990;0;R_Palm;1004;Right;False;0;0;0;0;0;0
0;1561737597990;0;L_Palm;1028;Left;False;0;0;0;0;0;0
0;1561737598002;0;R_Palm;1004;Right;False;0;0;0;0;0;0
0;1561737598002;0;L_Palm;1028;Left;False;0;0;0;0;0;0
0;1561737598012;0;R_Palm;1004;Right;False;0;0;0;0;0;0
0;1561737598012;0;L_Palm;1028;Left;False;0;0;0;0;0;0
0;1561737598026;0;R_Palm;1004;Right;False;0;0;0;0;0;0
0;1561737598026;0;L_Palm;1028;Left;False;0;0;0;0;0;0
0;1561737598038;0;R_Palm;1004;Right;False;0;0;0;0;0;0
0;1561737598038;0;L_Palm;1028;Left;False;0;0;0;0;0;0
0;1561737598052;0;R_Palm;1004;Right;False;0;0;0;0;0;0
0;1561737598052;0;L_Palm;1028;Left;False;0;0;0;0;0;0
0;1561737598071;0;R_Palm;1004;Right;False;0;0;0;0;0;0
0;1561737598071;0;L_Palm;1028;Left;False;0;0;0;0;0;0
0;1561737598081;0;R_Palm;1004;Right;False;0;0;0;0;0;0
0;1561737598081;0;L_Palm;1028;Left;False;0;0;0;0;0;0
0;1561737598090;0;R_Palm;1004;Right;False;0;0;0;0;0;0
0;1561737598090;0;L_Palm;1028;Left;False;0;0;0;0;0;0
0;1561737598100;0;R_Palm;1004;Right;False;0;0;0;0;0;0
0;1561737598101;0;L_Palm;1028;Left;False;0;0;0;0;0;0
0;1561737598113;0;R_Palm;1004;Right;False;0;0;0;0;0;0
0;1561737598113;0;L_Palm;1028;Left;False;0;0;0;0;0;0
0;1561737598123;0;R_Palm;1004;Right;False;0;0;0;0;0;0
0;1561737598123;0;L_Palm;1028;Left;False;0;0;0;0;0;0
0;1561737598134;0;R_Palm;1004;Right;False;0;0;0;0;0;0
0;1561737598135;0;L_Palm;1028;Left;False;0;0;0;0;0;0
0;1561737598147;0;R_Palm;1004;Right;False;0;0;0;0;0;0
0;1561737598151;0;L_Palm;1028;Left;False;0;0;0;0;0;0
0;1561737598210;0;R_Palm;1004;Right;False;0;0;0;0;0;0
0;1561737598210;0;L_Palm;1028;Left;False;0;0;0;0;0;0
